company_id,year,de_ratio,interest_coverage_ratio,asset_turnover
ABB,Dec 2012,0.0,,1.822491730981257
ABB,Mar 2014,0.0,,1.9982440737489024
ABB,Mar 2015,0.0,,1.665938864628821
ABB,Mar 2016,0.0,121.66666666666667,1.6175742574257426
ABB,Mar 2017,0.0,199.0,1.40513068731849
ABB,Mar 2018,0.0,131.25,1.365066225165563
ABB,Mar 2019,0.0,302.5,1.2509350561033663
ABB,Mar 2020,0.07198683669271905,84.11111111111111,1.153932901043135
ABB,Mar 2021,0.058800922367409685,51.22222222222222,1.1223958333333333
ABB,Mar 2022,0.05390070921985816,56.94736842105263,1.1631155303030303
ABB,Mar 2023,0.03544542032622334,75.375,1.1740561896400352
ABB,Mar 2024,0.022438496891051634,121.08333333333333,1.1263238975544
ABB,TTM,,140.63636363636363,
ADANIENSOL,Mar 2014,0.0,,
ADANIENSOL,Mar 2015,8.95752539242844,1.3835616438356164,0.011399234249912982
ADANIENSOL,Mar 2016,3.2129491017964074,2.013584117032393,0.18678699131619275
ADANIENSOL,Mar 2017,3.045469969460468,2.1935840707964602,0.22449457497463118
ADANIENSOL,Mar 2018,1.7216443784051512,3.1896162528216703,0.22843903851723138
ADANIENSOL,Mar 2019,2.50366778565212,1.9971243709561466,0.2243688187235088
ADANIENSOL,Mar 2020,2.8528062124955875,1.902591599642538,0.2874770214801944
ADANIENSOL,Mar 2021,3.0378966251821953,1.8658478979688238,0.22958782439746495
ADANIENSOL,Mar 2022,3.016443054574801,1.7784355179704017,0.23719029158941513
ADANIENSOL,Mar 2023,2.916843986722274,1.6245954692556634,0.24647704516798932
ADANIENSOL,Mar 2024,2.93252116130053,2.063968196602819,0.2836960606785336
ADANIENSOL,TTM,,2.0710021991831606,
ADANIENT,Mar 2013,3.240418769863526,1.7242268041237114,0.41453996120531683
ADANIENT,Mar 2014,3.0298438355011155,1.6452744169735227,0.4652503767929417
ADANIENT,Mar 2015,3.248250932835821,1.7644557823129252,0.4931608500742055
ADANIENT,Mar 2016,1.4328748691882194,1.2409727339719971,0.8159504786583172
ADANIENT,Mar 2017,1.4746745897000566,1.5131264916467781,0.7673226775325029
ADANIENT,Mar 2018,1.1688647359003248,1.6304,0.6368938923854268
ADANIENT,Mar 2019,0.7619273515857956,1.2116923076923076,0.9492900131653188
ADANIENT,Mar 2020,0.7328140673865581,1.4592875318066159,0.9259306666666667
ADANIENT,Mar 2021,0.9456844804475786,1.8198983297022513,0.7659685762442606
ADANIENT,Mar 2022,1.8692546165251382,1.4703087885985748,0.6833618805740949
ADANIENT,Mar 2023,1.6096335965628876,2.2217183169564123,0.9027590990812441
ADANIENT,Mar 2024,1.671358378544375,2.497694840834248,0.6004321671876751
ADANIENT,TTM,,3.347710843373494,
ADANIGREEN,Mar 2017,3.6134663341645887,1.2065868263473054,0.08149350649350649
ADANIGREEN,Mar 2018,7.355704697986577,1.5271739130434783,0.09421350818002419
ADANIGREEN,Mar 2019,5.764097258147957,1.3612845673505798,0.14040114613180515
ADANIGREEN,Mar 2020,6.307170131523122,1.4572864321608041,0.13835214937038645
ADANIGREEN,Mar 2021,11.004090909090909,1.1474654377880185,0.10888052418792694
ADANIGREEN,Mar 2022,20.211170619739864,1.3419946503630111,0.08706788343454218
ADANIGREEN,Mar 2023,7.423740416210296,1.7073170731707317,0.11621754920862665
ADANIGREEN,Mar 2024,6.595281675818589,1.4618457850579305,0.10467043571055559
ADANIGREEN,TTM,,1.633393829401089,
ADANIPORTS,Mar 2013,1.817328745699093,4.394833948339484,0.17004991680532447
ADANIPORTS,Mar 2014,1.4807758128921849,2.9877175025588536,0.19572881630668235
ADANIPORTS,Mar 2015,1.651277287505806,3.3208510638297875,0.19175861853999127
ADANIPORTS,Mar 2016,1.6543502406516104,4.072064056939502,0.18520255308063047
ADANIPORTS,Mar 2017,1.2674883030925481,4.854838709677419,0.19458599460444095
ADANIPORTS,Mar 2018,1.0701813136870306,4.532615579480684,0.23972646243092752
ADANIPORTS,Mar 2019,1.1370425077958313,4.76245487364621,0.19401182717408677
ADANIPORTS,Mar 2020,1.1879640177554307,3.0481804202972835,0.1917567065587803
ADANIPORTS,Mar 2021,1.1778522387569397,3.852771618625277,0.16827116462417205
ADANIPORTS,Mar 2022,1.1461944955883407,3.7452830188679247,0.1741009681881051
ADANIPORTS,Mar 2023,1.1772455881380952,4.632670334320778,0.18524737258246493
ADANIPORTS,Mar 2024,0.9373223691689719,5.7039882912550315,0.22830109659056916
ADANIPORTS,TTM,,6.624855268236202,
ADANIPORTS,Mar 2013,1.817328745699093,4.394833948339484,0.17004991680532447
ADANIPORTS,Mar 2014,1.4807758128921849,2.9877175025588536,0.19572881630668235
ADANIPORTS,Mar 2015,1.651277287505806,3.3208510638297875,0.19175861853999127
ADANIPORTS,Mar 2016,1.6543502406516104,4.072064056939502,0.18520255308063047
ADANIPORTS,Mar 2017,1.2674883030925481,4.854838709677419,0.19458599460444095
ADANIPORTS,Mar 2018,1.0701813136870306,4.532615579480684,0.23972646243092752
ADANIPORTS,Mar 2019,1.1370425077958313,4.76245487364621,0.19401182717408677
ADANIPORTS,Mar 2020,1.1879640177554307,3.0481804202972835,0.1917567065587803
ADANIPORTS,Mar 2021,1.1778522387569397,3.852771618625277,0.16827116462417205
ADANIPORTS,Mar 2022,1.1461944955883407,3.7452830188679247,0.1741009681881051
ADANIPORTS,Mar 2023,1.1772455881380952,4.632670334320778,0.18524737258246493
ADANIPORTS,Mar 2024,0.9373223691689719,5.7039882912550315,0.22830109659056916
ADANIPORTS,TTM,,6.624855268236202,
ADANIPOWER,Mar 2013,9.735616119263918,0.5637110980622431,0.12236688121708601
ADANIPOWER,Mar 2014,6.747669264863212,1.1035559827006247,0.2609509865676978
ADANIPOWER,Mar 2015,7.815196506550218,0.9617598684210527,0.3195095256011219
ADANIPOWER,Mar 2016,7.06065881092662,1.5830935251798561,0.33481542074570547
ADANIPOWER,Mar 2017,17.494666666666667,1.013215859030837,0.31625903707121983
ADANIPOWER,Mar 2018,59.43194600674916,0.9759425493716337,0.29202623403520883
ADANIPOWER,Mar 2019,6.091804979253112,0.8808555771610395,0.3513127895859381
ADANIPOWER,Mar 2020,8.517049837987965,1.0788334901222953,0.3527890703098967
ADANIPOWER,Mar 2021,4.005109433386716,1.701527614571093,0.3327284724513362
ADANIPOWER,Mar 2022,2.662675407704394,2.412942612942613,0.33801734548248985
ADANIPOWER,Mar 2023,1.4175257731958764,3.0281943611277744,0.4517891891262045
ADANIPOWER,Mar 2024,0.8023177656738903,5.380165289256198,0.5472399439185297
ADANIPOWER,TTM,,6.4806800618238025,
AMBUJACEM,Dec 2012,0.006820506991019666,31.705128205128204,0.7897124341838802
AMBUJACEM,Dec 2013,0.0050729232720355105,24.91044776119403,0.7070855202222909
AMBUJACEM,Dec 2014,0.0033763654419066533,29.303030303030305,0.7173223807465052
AMBUJACEM,Dec 2015,0.0034076526141563626,16.76086956521739,0.6677280124531239
AMBUJACEM,Dec 2016,0.00146309469754301,20.790849673202615,0.6121740190104802
AMBUJACEM,Dec 2017,0.0011609907120743034,18.728155339805824,0.6648736939930722
AMBUJACEM,Dec 2018,0.001788109074653554,23.594117647058823,0.6964510176245621
AMBUJACEM,Dec 2019,0.0017027992358169283,27.041176470588237,0.6745980387276619
AMBUJACEM,Dec 2020,0.02069692841762974,35.75714285714286,0.6172516239488394
AMBUJACEM,Dec 2021,0.01881359943204228,42.534246575342465,0.6407477048999004
AMBUJACEM,Mar 2023 15,,26.266666666666666,
AMBUJACEM,Mar 2024,0.01686125048243921,23.18840579710145,0.5081135747230352
AMBUJACEM,TTM,,19.536912751677853,
APOLLOHOSP,Mar 2013,0.4415726246814707,5.941747572815534,0.7829248026589115
APOLLOHOSP,Mar 2014,0.4514612025529056,5.680672268907563,0.814392523364486
APOLLOHOSP,Mar 2015,0.6279949558638083,6.245762711864407,0.7940857717912989
APOLLOHOSP,Mar 2016,0.8505402160864346,3.8,0.8355978260869565
APOLLOHOSP,Mar 2017,0.9429692214846107,2.8560311284046693,0.8954708132790324
APOLLOHOSP,Mar 2018,1.0538130381303814,2.7152542372881356,0.9589343880874825
APOLLOHOSP,Mar 2019,1.1016796640671866,3.27217125382263,1.0492035784420686
APOLLOHOSP,Mar 2020,1.0766467065868264,2.9849906191369606,0.996279564177518
APOLLOHOSP,Mar 2021,0.9037584184227677,2.538975501113586,0.9269662921348315
APOLLOHOSP,Mar 2022,0.723457229237062,5.775725593667546,1.1057235502601614
APOLLOHOSP,Mar 2023,0.6989351403678606,5.41994750656168,1.152330743618202
APOLLOHOSP,Mar 2024,0.7688869665513264,5.33184855233853,1.1383944570541153
APOLLOHOSP,TTM,,5.890557939914163,
ASIANPAINT,Mar 2013,0.0741725768321513,41.357142857142854,1.5483490566037736
ASIANPAINT,Mar 2013,0.0741725768321513,41.357142857142854,1.5483490566037736
ASIANPAINT,Mar 2014,0.06164892300074276,41.75,1.513312693498452
ASIANPAINT,Mar 2014,0.06164892300074276,41.75,1.513312693498452
ASIANPAINT,Mar 2015,0.08814846056516237,53.404761904761905,1.5273726722010321
ASIANPAINT,Mar 2015,0.08814846056516237,53.404761904761905,1.5273726722010321
ASIANPAINT,Mar 2016,0.04950191570881226,55.61224489795919,1.351548442087319
ASIANPAINT,Mar 2016,0.04950191570881226,55.61224489795919,1.351548442087319
ASIANPAINT,Mar 2017,0.07364544976328248,80.91891891891892,1.2141878274889157
ASIANPAINT,Mar 2017,0.07364544976328248,80.91891891891892,1.2141878274889157
ASIANPAINT,Mar 2018,0.0633769322235434,78.14634146341463,1.2224805638305603
ASIANPAINT,Mar 2018,0.0633769322235434,78.14634146341463,1.2224805638305603
ASIANPAINT,Mar 2019,0.13937282229965156,34.22727272727273,1.1840728660225244
ASIANPAINT,Mar 2019,0.13937282229965156,34.22727272727273,1.1840728660225244
ASIANPAINT,Mar 2020,0.11036525172754195,40.754901960784316,1.2523856735654977
ASIANPAINT,Mar 2020,0.11036525172754195,40.754901960784316,1.2523856735654977
ASIANPAINT,Mar 2021,0.0853506168983289,52.78260869565217,1.0667157946450503
ASIANPAINT,Mar 2021,0.0853506168983289,52.78260869565217,1.0667157946450503
ASIANPAINT,Mar 2022,0.11490008688097307,50.56842105263158,1.2675755727850857
ASIANPAINT,Mar 2022,0.11490008688097307,50.56842105263158,1.2675755727850857
ASIANPAINT,Mar 2023,0.12087293646823412,43.47222222222222,1.3378719112455875
ASIANPAINT,Mar 2023,0.12087293646823412,43.47222222222222,1.3378719112455875
ASIANPAINT,Mar 2024,0.1321016659547202,37.0,1.187084044011906
ASIANPAINT,Mar 2024,0.1321016659547202,37.0,1.187084044011906
ASIANPAINT,TTM,,29.431718061674008,
ATGL,Mar 2018,1.3238188976377954,2.928,0.49018908312522297
ATGL,Mar 2019,0.35753176043557167,5.055555555555555,0.83935546875
ATGL,Mar 2020,0.2909585316111489,14.512195121951219,0.7572697899838449
ATGL,Mar 2021,0.27352637021716647,17.6,0.529338327091136
ATGL,Mar 2022,0.4283940397350993,14.584905660377359,0.6881087202718007
ATGL,Mar 2023,0.48350901054063244,11.153846153846153,0.7755535872453498
ATGL,Mar 2024,0.43491620111731844,9.945945945945946,0.6788531553398058
ATGL,TTM,,10.877358490566039,
BAJAJ-AUTO,Mar 2013,0.014383137011779294,3656.0,1.5840056953013764
BAJAJ-AUTO,Mar 2014,0.0058030884233303826,4163.0,1.3154559707342566
BAJAJ-AUTO,Mar 2015,0.010094637223974764,688.0,1.3525616935988976
BAJAJ-AUTO,Mar 2016,0.008416547788873038,4793.0,1.3093967517401393
BAJAJ-AUTO,Mar 2017,0.006720430107526882,4429.0,1.0054071540807838
BAJAJ-AUTO,Mar 2018,0.005924112607099143,4846.0,1.0027445209021122
BAJAJ-AUTO,Mar 2019,0.005380278052769767,1299.5,1.0528542692654506
BAJAJ-AUTO,Mar 2020,0.005816637429600221,1703.0,1.1285929837797057
BAJAJ-AUTO,Mar 2021,0.0044366223004436624,705.4285714285714,0.8255758585798464
BAJAJ-AUTO,Mar 2022,0.004119360996684417,584.3333333333334,0.9440061519182023
BAJAJ-AUTO,Mar 2023,0.004223145562291397,161.625,1.037539845173042
BAJAJ-AUTO,Mar 2024,0.06601754022512257,146.08333333333334,1.1404534363562424
BAJAJ-AUTO,TTM,,55.75,
AXISBANK,Mar 2013,,1.2689665699893147,0.07981900293048468
AXISBANK,Mar 2014,,1.3023632680621202,0.0793089167852983
AXISBANK,Mar 2015,,1.3301852958756724,0.07593265174652161
AXISBANK,Mar 2016,,1.4264219400277451,0.07501642608627218
AXISBANK,Mar 2017,,2.0364382858609185,0.07284508276883928
AXISBANK,Mar 2018,,2.634722348864776,0.06505585452953874
AXISBANK,Mar 2019,,2.068164508758568,0.06754655142338394
AXISBANK,Mar 2020,,2.256935058248053,0.06750392295489033
AXISBANK,Mar 2021,,2.5887964774951078,0.06328240118680725
AXISBANK,Mar 2022,,1.9684646212469614,0.056345695985629454
AXISBANK,Mar 2023,,1.8019575048008425,0.06334636995339248
AXISBANK,Mar 2024,,1.6907138401212014,0.0720367478374617
AXISBANK,TTM,,1.7654795388820663,
BAJAJFINSV,Mar 2013,,3.264950166112957,0.12322166131252868
BAJAJFINSV,Mar 2014,,2.875160051216389,0.08097280292539961
BAJAJFINSV,Mar 2015,,2.4713004484304935,0.12847395384685134
BAJAJFINSV,Mar 2016,,2.3423705248522766,0.19752575732797184
BAJAJFINSV,Mar 2017,,2.344725511302476,0.19054690780163902
BAJAJFINSV,Mar 2018,,2.3809313617303025,0.20346223856755452
BAJAJFINSV,Mar 2019,,2.258825296680186,0.20441111558907632
BAJAJFINSV,Mar 2020,,1.9218947368421053,0.21627590488014517
BAJAJFINSV,Mar 2021,,2.1178563726547335,0.21651985920777572
BAJAJFINSV,Mar 2022,,2.228164918475439,0.20516896461745643
BAJAJFINSV,Mar 2023,,2.412600969305331,0.2024464665849369
BAJAJFINSV,Mar 2024,,2.1973450851829956,0.2053943414307379
BAJAJFINSV,TTM,,2.108633160237389,
BAJAJHLDNG,Mar 2013,,,0.03127610208816705
BAJAJHLDNG,Mar 2014,,,0.03398136246786632
BAJAJHLDNG,Mar 2015,,,0.037716835816598286
BAJAJHLDNG,Mar 2016,,,0.030377456049638055
BAJAJHLDNG,Mar 2017,,,0.047068030633350105
BAJAJHLDNG,Mar 2018,,,0.016621156357592308
BAJAJHLDNG,Mar 2019,,,0.0159582345971564
BAJAJHLDNG,Mar 2020,,23.153846153846153,0.013290965199058938
BAJAJHLDNG,Mar 2021,,88.0,0.010046163992086172
BAJAJHLDNG,Mar 2022,,122.33333333333333,0.009031872807344929
BAJAJHLDNG,Mar 2023,,54.285714285714285,0.009814243814394224
BAJAJHLDNG,Mar 2024,,781.0,0.026119918356071883
BAJAJHLDNG,TTM,,777.0,
BAJFINANCE,Mar 2015,,67.38461538461539,0.16449054301403296
BAJFINANCE,Mar 2016,,67.25714285714285,0.1553871372916356
BAJFINANCE,Mar 2017,,147.72727272727272,0.15643878175456213
BAJFINANCE,Mar 2018,,411.5,0.15031014882426472
BAJFINANCE,Mar 2019,,419.53846153846155,0.1488090925921454
BAJFINANCE,Mar 2020,,1017.6666666666666,0.1604345736688748
BAJFINANCE,Mar 2021,,3613.0,0.15555490756400536
BAJFINANCE,Mar 2022,,-698.8235294117648,0.14889461944603918
BAJFINANCE,Mar 2023,,-2538.6,0.15046180230065473
BAJFINANCE,Mar 2024,,2683.1666666666665,0.14630251608816688
BAJFINANCE,TTM,,653.2068965517242,
BANKBARODA,Mar 2013,,2.4273996896475283,0.06514631194503984
BANKBARODA,Mar 2014,,2.169036903690369,0.059847301598570636
BANKBARODA,Mar 2015,,2.4712791337860156,0.06119493273530382
BANKBARODA,Mar 2016,,4.237483311081442,0.06626271570214692
BANKBARODA,Mar 2017,,2.425349628323044,0.06183538742185936
BANKBARODA,Mar 2018,,3.26488988988989,0.061588989510508216
BANKBARODA,Mar 2019,,3.273107645492583,0.06454548781826833
BANKBARODA,Mar 2020,,3.3289311787384137,0.06574939475888278
BANKBARODA,Mar 2021,,2.5920882413018314,0.061791002829544674
BANKBARODA,Mar 2022,,2.606321639458145,0.05475998062861488
BANKBARODA,Mar 2023,,2.349062980030722,0.06193380698630487
BANKBARODA,Mar 2024,,1.8966195136544297,0.07153782236255685
BANKBARODA,TTM,,1.9514848573948838,
BHARTIARTL,Mar 2013,1.326179404634156,5.080770081876522,0.48709881623092993
BHARTIARTL,Mar 2014,1.2700984001606532,4.509610477972444,0.47310074273246205
BHARTIARTL,Mar 2015,2.097066143751414,7.557804768331084,0.5282045081043647
BHARTIARTL,Mar 2016,1.5073536019170286,3.97659723847414,0.4300402722834028
BHARTIARTL,Mar 2017,1.5904650369865247,3.7006389441709437,0.41092965797470754
BHARTIARTL,Mar 2018,1.60112173725462,3.2252841518335837,0.33119056111509654
BHARTIARTL,Mar 2019,1.7561289780602887,2.425531914893617,0.29478954551757863
BHARTIARTL,Mar 2020,1.9214207012768163,2.616495140080046,0.2437794319545742
BHARTIARTL,Mar 2021,2.7612674503417978,3.0003975879663374,0.2921342442446221
BHARTIARTL,Mar 2022,2.5494786188658836,3.4625662012518057,0.32265985985875134
BHARTIARTL,Mar 2023,2.914018281912768,3.692953367875648,0.3129969835139251
BHARTIARTL,Mar 2024,2.6094723973904306,3.456905687036383,0.3393112060793767
BHARTIARTL,TTM,,3.6002943275062433,
BEL,Mar 2013,4.0,95.57142857142857,139.4
BEL,Mar 2014,3.0,132.14285714285714,141.69565217391303
BEL,Mar 2015,3.7142857142857144,168.42857142857142,144.75510204081633
BEL,Mar 2016,2.0833333333333335,139.3,141.42307692307693
BEL,Mar 2017,1.9333333333333333,99.55555555555556,112.41558441558442
BEL,Mar 2018,1.5483870967741935,339.8333333333333,85.95867768595042
BEL,Mar 2019,0.9591836734693877,181.8125,96.53968253968254
BEL,Mar 2020,0.8,344.875,106.29508196721312
BEL,Mar 2021,0.8305084745762712,321.4,92.82236842105263
BEL,Mar 2022,0.8405797101449275,371.55555555555554,94.28220858895706
BEL,Mar 2023,0.52,215.26315789473685,123.15277777777777
BEL,Mar 2024,0.5119047619047619,420.9166666666667,125.88819875776397
BEL,TTM,,815.4285714285714,
BHEL,Mar 2013,0.08831712985695113,74.0859375,0.6809295719735999
BHEL,Mar 2014,0.14147900274336017,34.42857142857143,0.5251622837875509
BHEL,Mar 2015,0.055222615254187736,23.27173913043478,0.44127467140019444
BHEL,Mar 2016,0.006529475475785239,-3.7694444444444444,0.3889320950943166
BHEL,Mar 2017,0.0048164500293309456,2.651331719128329,0.4613601737495543
BHEL,Mar 2018,0.0034018865006958405,5.009090909090909,0.450844541757898
BHEL,Mar 2019,0.08406678747087756,5.375661375661376,0.47202667080167465
BHEL,Mar 2020,0.17725052337752967,-0.2169657422512235,0.35599011461080426
BHEL,Mar 2021,0.1905476657814725,-6.528907922912206,0.30931022158684773
BHEL,Mar 2022,0.18222289292990265,1.8482142857142858,0.3721815725289958
BHEL,Mar 2023,0.22372631060792517,1.7058823529411764,0.4051921476137625
BHEL,Mar 2024,0.36238644733611586,0.8586956521739131,0.399628688031043
BHEL,TTM,,1.4075067024128687,
BOSCHLTD,Dec 2012,0.041270410909743406,225.0,1.0957985320172108
BOSCHLTD,Dec 2013,0.029075309818875118,,0.9849285794623777
BOSCHLTD,Mar 2015,0.015108207431604737,141.5,1.1586616815262198
BOSCHLTD,Mar 2016,0.005243838489774515,144.46153846153845,0.7802622054210568
BOSCHLTD,Mar 2017,0.0,72.70370370370371,0.8843220338983051
BOSCHLTD,Mar 2018,0.0,697.6666666666666,0.8393767501974582
BOSCHLTD,Mar 2019,0.0,165.69230769230768,0.9508261211644374
BOSCHLTD,Mar 2020,0.007982740021574973,148.3,0.7388888888888889
BOSCHLTD,Mar 2021,0.005497302249821846,83.07142857142857,0.6577771761202111
BOSCHLTD,Mar 2022,0.0068300898203592815,50.41379310344828,0.764568462037638
BOSCHLTD,Mar 2023,0.004812494324888767,150.83333333333334,0.9181991512393136
BOSCHLTD,Mar 2024,0.003232758620689655,41.07843137254902,0.9638144626908672
BOSCHLTD,TTM,,170.46153846153845,
BPCL,Mar 2013,1.9765722801788375,2.664416203335981,3.0414050334053346
BPCL,Mar 2014,1.705349794238683,4.749747729566095,2.9891589418946416
BPCL,Mar 2015,1.1298643737257335,8.288135593220339,2.81038437478279
BPCL,Mar 2016,0.8414765776786357,19.075,2.173231353127676
BPCL,Mar 2017,1.1591875141957884,19.80316091954023,1.844883853106723
BPCL,Mar 2018,1.0284005570878505,12.914839797639123,1.9599770680315065
BPCL,Mar 2019,1.1566877337804722,8.566893424036282,2.1780085593678336
BPCL,Mar 2020,1.792291689477718,3.403488813045127,1.8863316982632905
BPCL,Mar 2021,1.0182429278312015,12.188624492164829,1.4298289207220862
BPCL,Mar 2022,1.243309893073885,7.343438219493477,1.849265980195063
BPCL,Mar 2023,1.2962146407084938,2.9102803738317755,2.5154936765386027
BPCL,Mar 2024,0.7218747934157467,10.62472885032538,2.213651947949293
BPCL,TTM,,7.295054945054945,
BRITANNIA,Mar 2013,0.6810035842293907,10.268292682926829,3.2846521508231548
BRITANNIA,Mar 2014,0.18796992481203006,78.375,3.280968201233982
BRITANNIA,Mar 2015,0.11646586345381527,217.5,2.8134622269960614
BRITANNIA,Mar 2016,0.06261950286806883,244.8,2.403262736119061
BRITANNIA,Mar 2017,0.046364985163204746,255.6,2.2034558286687758
BRITANNIA,Mar 2018,0.05901350557839107,187.625,1.9109483423284503
BRITANNIA,Mar 2019,0.03667999059487421,192.44444444444446,1.7722026290477717
BRITANNIA,Mar 2020,0.3493072904837611,23.935064935064936,1.4814814814814814
BRITANNIA,Mar 2021,0.5980834272829764,22.603603603603602,1.642
BRITANNIA,Mar 2022,0.9698983580922595,15.284722222222221,1.8780390593862097
BRITANNIA,Mar 2023,0.8480475382003395,16.75147928994083,1.743236017538231
BRITANNIA,Mar 2024,0.5239786856127886,19.3109756097561,1.8484347442680775
BRITANNIA,TTM,,25.917355371900825,
CANBK,Mar 2013,,2.1816807738814994,0.08124982114069311
CANBK,Mar 2014,,2.3252895752895753,0.07896785008681076
CANBK,Mar 2015,,2.1766321571941685,0.07843948166528812
CANBK,Mar 2016,,3.3773262438283327,0.07812142445341257
CANBK,Mar 2017,,1.9983443708609272,0.06954017300753658
CANBK,Mar 2018,,3.457961611246283,0.06547784015773594
CANBK,Mar 2019,,2.74573533864944,0.06736744204343177
CANBK,Mar 2020,,2.2721417069243155,0.0671112969356927
CANBK,Mar 2021,,1.881529931560253,0.05955965885006019
CANBK,Mar 2022,,1.7440680116736456,0.056096772374083344
CANBK,Mar 2023,,1.6889239881539981,0.06218909075110606
CANBK,Mar 2024,,1.6109055365496054,0.0719985042520674
CANBK,TTM,,1.580114496282161,
CHOLAFIN,Mar 2013,,688.0,0.14099188062321702
CHOLAFIN,Mar 2014,,932.0,0.1522001485332343
CHOLAFIN,Mar 2015,,,0.15564772917714095
CHOLAFIN,Mar 2016,,633.0,0.15109899960557927
CHOLAFIN,Mar 2017,,440.6666666666667,0.15340871952415192
CHOLAFIN,Mar 2018,,,0.12586320103244503
CHOLAFIN,Mar 2019,,1632.0,0.12363889372064707
CHOLAFIN,Mar 2020,,,0.13600174841549845
CHOLAFIN,Mar 2021,,52.017857142857146,0.12838272332672418
CHOLAFIN,Mar 2022,,34.833333333333336,0.12303887097165304
CHOLAFIN,Mar 2023,,16.45909090909091,0.113388543215961
CHOLAFIN,Mar 2024,,21.11764705882353,0.12230192869816066
CHOLAFIN,TTM,,26.016129032258064,
CIPLA,Mar 2013,0.10721809513249805,24.755102040816325,0.7101561159718648
CIPLA,Mar 2014,0.1241667495771565,31.97609561752988,0.7591791044776119
CIPLA,Mar 2015,0.15765598963154973,55.99390243902439,0.7239948947032546
CIPLA,Mar 2016,0.45168012503256055,54.375,0.6551380113069505
CIPLA,Mar 2017,0.3278858418367347,57.20192307692308,0.6897311802194642
CIPLA,Mar 2018,0.2880033733923677,44.03214285714286,0.668460283156177
CIPLA,Mar 2019,0.2875033306687983,27.80922431865828,0.6885784024913728
CIPLA,Mar 2020,0.17864619678995114,40.48255813953488,0.731417837168595
CIPLA,Mar 2021,0.10989850485648806,56.04135338345865,0.7708710521021928
CIPLA,Mar 2022,0.05066935367784655,173.84848484848484,0.8103287783445656
CIPLA,Mar 2023,0.03430597684453369,60.49829351535836,0.7765529010238907
CIPLA,Mar 2024,0.020931625851868495,35.29528985507246,0.7922417237881536
CIPLA,TTM,,24.42214111922141,
COALINDIA,Mar 2013,0.026922759531275788,5.737659963436928,0.6154365983979528
COALINDIA,Mar 2014,0.0041977171964908975,7.370902496861487,0.6728544473879815
COALINDIA,Mar 2015,0.010110772433276337,8.641856925418569,0.6661453980065968
COALINDIA,Mar 2016,0.034421382022794475,9.959084020878937,0.6856375484325467
COALINDIA,Mar 2017,0.12293009217717596,12.361926260346126,0.6591278976616324
COALINDIA,Mar 2018,0.07622162751511548,15.26753768844221,0.6793920507527635
COALINDIA,Mar 2019,0.08353808353808354,12.783510455947892,0.7486487096022433
COALINDIA,Mar 2020,0.20008085331343098,11.561142147734326,0.64044794027463
COALINDIA,Mar 2021,0.16112602004490936,19.08017103153394,0.5589906302972351
COALINDIA,Mar 2022,0.08145006142363767,21.985256078634247,0.6114436344992086
COALINDIA,Mar 2023,0.07118320924346268,14.332317073170731,0.6244557263907207
COALINDIA,Mar 2024,0.0788468512027076,11.237732253454025,0.6018691588785047
COALINDIA,TTM,,11.506077348066299,
DABUR,Mar 2013,0.5494033412887828,16.8135593220339,1.3038861754087916
DABUR,Mar 2014,0.26656626506024095,21.51851851851852,1.3286897590361446
DABUR,Mar 2015,0.21884317233154443,33.0,1.2766131673763512
DABUR,Mar 2016,0.19299928074802206,31.625,1.122331217541835
DABUR,Mar 2017,0.20115535382710956,28.0,0.9847387480600104
DABUR,Mar 2018,0.16438836312653346,30.50943396226415,0.8873822109859802
DABUR,Mar 2019,0.12411221590909091,29.0,1.0092449922958397
DABUR,Mar 2020,0.07901907356948229,35.84,0.9301702902431188
DABUR,Mar 2021,0.06641440501043841,64.58064516129032,0.8826733130250162
DABUR,Mar 2022,0.12288236697685516,57.743589743589745,0.8864376424617388
DABUR,Mar 2023,0.13083695531037556,27.71794871794872,0.8445648989159098
DABUR,Mar 2024,0.13835394283397526,19.35483870967742,0.8205874569992061
DABUR,TTM,,15.401315789473685,
DIVISLAB,Mar 2013,0.013194722111155539,272.0,0.6833386428798981
DIVISLAB,Mar 2014,0.006072874493927126,339.3333333333333,0.6824797843665769
DIVISLAB,Mar 2015,0.007723112128146453,391.0,0.7071509648127128
DIVISLAB,Mar 2016,0.009783368273934312,284.6,0.7709269089424254
DIVISLAB,Mar 2017,0.006720179204778794,483.3333333333333,0.6602761982128351
DIVISLAB,Mar 2018,0.010632911392405063,634.5,0.5734708916728076
DIVISLAB,Mar 2019,0.015236452493891045,374.8,0.6154803384768541
DIVISLAB,Mar 2020,0.00533515731874145,260.85714285714283,0.6322822646817489
DIVISLAB,Mar 2021,0.0005379236148466917,1433.5,0.6470151332281125
DIVISLAB,Mar 2022,0.00034106412005457026,1942.5,0.6706586826347305
DIVISLAB,Mar 2023,0.0003133077465340331,1185.0,0.5384402079722703
DIVISLAB,Mar 2024,0.0002210596124088129,552.5,0.5074385510996119
DIVISLAB,TTM,,852.6666666666666,
DLF,Mar 2013,1.0338528508686695,1.137856525496975,0.1202375980323913
DLF,Mar 2014,0.8809271764920606,1.0121802679658953,0.12860131731886865
DLF,Mar 2015,0.8949906828894004,1.3081597222222223,0.11543569466662643
DLF,Mar 2016,1.049648926004404,1.4798507462686568,0.1607996241636832
DLF,Mar 2017,1.1883774874862654,1.1563758389261745,0.12854551709040873
DLF,Mar 2018,0.49534139503270935,0.8058285327007794,0.11070396962944623
DLF,Mar 2019,0.5129258994519895,1.0417070805043647,0.12583668005354753
DLF,Mar 2020,0.23523093447905477,0.803083391730904,0.10883879048130256
DLF,Mar 2021,0.19482797645993663,1.7221570926143024,0.10121896500149566
DLF,Mar 2022,0.1150101754578956,2.7888,0.111732171125921
DLF,Mar 2023,0.08846551861384562,4.403061224489796,0.10832762687362094
DLF,Mar 2024,0.12259389820192235,5.966292134831461,0.10880495691479457
DLF,TTM,,4.883419689119171,
DMART,Mar 2013,0.6666666666666666,5.0,2.2392761394101877
DMART,Mar 2014,0.6705020920502092,6.089285714285714,2.5918141592920354
DMART,Mar 2015,0.7533333333333333,6.333333333333333,2.7341825902335457
DMART,Mar 2016,0.7836949375410914,7.2967032967032965,2.7672469374597033
DMART,Mar 2017,0.3896408120770432,7.942622950819672,2.044681216703901
DMART,Mar 2018,0.09402441636324695,22.55,2.6616501416430594
DMART,Mar 2019,0.12529085376767496,34.744680851063826,2.8554096488723952
DMART,Mar 2020,0.030054151624548737,30.840579710144926,2.0594567737661476
DMART,Mar 2021,0.032255416940249505,41.54761904761905,1.7680703039179788
DMART,Mar 2022,0.04730223716917678,46.333333333333336,2.0021976601383233
DMART,Mar 2023,0.039992536385122526,54.3134328358209,2.3661971830985915
DMART,Mar 2024,0.031661140228901485,70.79310344827586,2.398875873795579
DMART,TTM,,69.9375,
DRREDDY,Mar 2013,0.5781127335531481,26.69,0.8843796711509716
DRREDDY,Mar 2014,0.5692307692307692,25.598425196850393,0.84339243052936
DRREDDY,Mar 2015,0.4378361920227342,32.48148148148148,0.8139459283740587
DRREDDY,Mar 2016,0.2666878828864667,43.19277108433735,0.7657648794884407
DRREDDY,Mar 2017,0.4010764964932311,31.29113924050633,0.655583264062067
DRREDDY,Mar 2018,0.40335666560610883,29.759493670886076,0.6389995078079556
DRREDDY,Mar 2019,0.27367370222475756,35.70786516853933,0.6890891248104202
DRREDDY,Mar 2020,0.14167574844541317,25.275510204081634,0.7542953106833742
DRREDDY,Mar 2021,0.17181565670880336,39.93814432989691,0.7164134195877839
DRREDDY,Mar 2022,0.17613991255465333,39.25,0.7242990654205608
DRREDDY,Mar 2023,0.05784591600103066,45.24475524475525,0.7659349871154025
DRREDDY,Mar 2024,0.07085722375592836,46.39181286549707,0.7223053120165034
DRREDDY,TTM,,30.11231884057971,
EICHERMOT,Dec 2012,0.013105413105413105,137.5,1.4292104674569448
EICHERMOT,Dec 2013,0.040875912408759124,89.375,1.2759977515458123
EICHERMOT,Dec 2014,0.023052464228934817,111.8,1.3646728096204903
EICHERMOT,Mar 2016,0.006296194908294552,845.0,1.2498481473982588
EICHERMOT,Mar 2017,0.02095416276894294,543.5,1.003424168925667
EICHERMOT,Mar 2018,0.021479374110953058,561.8,0.9415038857382902
EICHERMOT,Mar 2019,0.020968827091276072,414.85714285714283,0.8603670852726794
EICHERMOT,Mar 2020,0.024947400060114217,114.89473684210526,0.7352610441767068
EICHERMOT,Mar 2021,0.01914670396922539,111.4375,0.5989422350436157
EICHERMOT,Mar 2022,0.008565989847715736,114.63157894736842,0.6380421313506816
EICHERMOT,Mar 2023,0.019212808539026016,123.07142857142857,0.7522658610271903
EICHERMOT,Mar 2024,0.023219728456636186,84.88235294117646,0.7153796236210254
EICHERMOT,TTM,,84.37735849056604,
GAIL,Mar 2013,0.5720636243661874,16.9954233409611,0.8522797572271732
GAIL,Mar 2014,0.5711424698052748,11.940209267563528,0.9237269124355044
GAIL,Mar 2015,0.5376227147140086,8.636503067484663,0.8692101221490189
GAIL,Mar 2016,0.24866082465730846,5.518248175182482,0.8813131740683676
GAIL,Mar 2017,0.16672179112072255,11.829076620825147,0.8329244651833044
GAIL,Mar 2018,0.09299647304397898,26.447457627118645,0.8882369240297948
GAIL,Mar 2019,0.04834362229371359,62.503144654088054,1.1134656417151376
GAIL,Mar 2020,0.14029390273605585,29.197411003236247,0.9677582939653562
GAIL,Mar 2021,0.14803881012372608,40.47486033519553,0.7080340614587189
GAIL,Mar 2022,0.14374395607823565,75.05445544554455,0.9605110577321295
GAIL,Mar 2023,0.274400480539683,20.54794520547945,1.3512174759983304
GAIL,Mar 2024,0.28304998896060884,19.908205841446453,1.0680883472962681
GAIL,TTM,,22.89768076398363,
GODREJCP,Mar 2013,0.7413220645940235,11.436781609195402,0.8332683560753736
GODREJCP,Mar 2014,0.6286092715231788,9.741666666666667,0.9133413461538461
GODREJCP,Mar 2015,0.6302482022732545,12.3125,0.9066301369863013
GODREJCP,Mar 2016,0.67752519334427,12.9453125,0.8703378448186796
GODREJCP,Mar 2017,0.7546208977744248,12.383116883116884,0.7162287480680062
GODREJCP,Mar 2018,0.5605624800255673,12.046242774566474,0.7102567801500288
GODREJCP,Mar 2019,0.4653914958029448,8.957983193277311,0.7318007662835249
GODREJCP,Mar 2020,0.45264623955431754,9.447368421052632,0.6660618279569892
GODREJCP,Mar 2021,0.1974785464561924,17.384057971014492,0.7742909295141814
GODREJCP,Mar 2022,0.1474558670820353,19.74590163934426,0.7633378932968536
GODREJCP,Mar 2023,0.08191967522111063,12.99468085106383,0.7636634742214831
GODREJCP,Mar 2024,0.2557548817272583,9.538709677419355,0.7664201826881253
GODREJCP,TTM,,8.837758112094395,
GRASIM,Mar 2013,0.48583201912804597,18.28395061728395,0.6325272533599257
GRASIM,Mar 2014,0.44788341429562806,10.995525727069351,0.5934933802580862
GRASIM,Mar 2015,0.5155574762316335,7.712143928035982,0.5873077563711065
GRASIM,Mar 2016,0.45590433482810166,8.232590529247911,0.5788740432388881
GRASIM,Mar 2017,0.29352916812693153,10.522792022792023,0.5748163258801218
GRASIM,Mar 2018,1.1692613448161644,3.17007917007917,0.26885170202838876
GRASIM,Mar 2019,1.4561702861082386,2.745874587458746,0.3201632334827705
GRASIM,Mar 2020,1.4969540727137889,1.5055152394775035,0.27951396709817716
GRASIM,Mar 2021,1.2074083122118056,3.2561593569806044,0.28578375082756996
GRASIM,Mar 2022,0.9873842454986196,4.277847571189279,0.3309746877907238
GRASIM,Mar 2023,1.3085646795864976,3.5719722038385173,0.34922496385341856
GRASIM,Mar 2024,1.5470993649397087,2.9314433545327154,0.3178182841724175
GRASIM,TTM,,2.5716155572176516,
HAL,Mar 2013,,153.6,
HAL,Mar 2014,,196.25,
HAL,Mar 2015,,156.73333333333332,
HAL,Mar 2016,0.15,413.0,95.2159090909091
HAL,Mar 2017,0.015037593984962405,202.25,105.58823529411765
HAL,Mar 2018,0.023076923076923078,98.85714285714286,111.56024096385542
HAL,Mar 2019,0.06015037593984962,25.8135593220339,114.33142857142857
HAL,Mar 2020,0.014492753623188406,13.593314763231199,123.95953757225433
HAL,Mar 2021,0.041666666666666664,20.00374531835206,123.02150537634408
HAL,Mar 2022,0.0784313725490196,83.38461538461539,121.88118811881188
HAL,Mar 2023,0.2655367231638418,104.203125,99.36531365313652
HAL,Mar 2024,0.6180904522613065,226.72093023255815,67.51333333333334
HAL,TTM,,311.0625,
HAVELLS,Mar 2013,0.680998613037448,5.479674796747967,1.6004934948407357
HAVELLS,Mar 2014,0.6326530612244898,7.617647058823529,1.5099399849962492
HAVELLS,Mar 2015,0.23322332233223322,7.864583333333333,1.7685881370091896
HAVELLS,Mar 2016,0.04426825239511067,8.747252747252746,1.7310234784590837
HAVELLS,Mar 2017,0.06349206349206349,62.69230769230769,1.1861455108359134
HAVELLS,Mar 2018,0.030831099195710455,41.32,1.2282082324455206
HAVELLS,Mar 2019,0.022391615054787994,74.3125,1.409205372132065
HAVELLS,Mar 2020,0.016697588126159554,20.92156862745098,1.3346529054149583
HAVELLS,Mar 2021,0.10063743480780375,17.655555555555555,1.1813149570718482
HAVELLS,Mar 2022,0.10261535898717308,26.492537313432837,1.324527226076214
HAVELLS,Mar 2023,0.03365529731361304,29.472727272727273,1.5157300349556333
HAVELLS,Mar 2024,0.040687525177924,22.392857142857142,1.4952143489101584
HAVELLS,TTM,,43.65217391304348,
HCLTECH,Jun 2013,0.07930720145852324,53.58490566037736,1.1420599133889906
HCLTECH,Jun 2014,0.05207161125319693,70.48245614035088,1.0721814543028685
HCLTECH,Jun 2015,0.026750330250990752,93.25274725274726,1.0413108242303872
HCLTECH,Mar 2016 9m,,89.91891891891892,
HCLTECH,Mar 2017,0.01766366202312665,116.74157303370787,1.039465058345352
HCLTECH,Mar 2018,0.015308085527400648,162.9855072463768,1.0537623205317885
HCLTECH,Mar 2019,0.10141178745829908,80.03448275862068,1.035613292430033
HCLTECH,Mar 2020,0.15577271929311254,34.28910891089109,0.8533790555307357
HCLTECH,Mar 2021,0.11456612087526914,39.23287671232877,0.8760212442037492
HCLTECH,Mar 2022,0.10244855767677746,64.35423197492163,0.9632257846852824
HCLTECH,Mar 2023,0.07329714853604465,64.10198300283287,1.088
HCLTECH,Mar 2024,0.08435023365512796,43.75768535262206,1.1101650405025958
HCLTECH,TTM,,38.147192716236724,
HDFCBANK,Mar 2013,,1.770783681480443,0.08795432192934909
HDFCBANK,Mar 2014,,1.6278621354543263,0.08449823279456734
HDFCBANK,Mar 2015,,1.6932746700188561,0.08345618574955897
HDFCBANK,Mar 2016,,1.7887085265786657,0.08286670899959592
HDFCBANK,Mar 2017,,1.8485858194498257,0.08211071066763491
HDFCBANK,Mar 2018,,1.8391978576321852,0.07731062576936255
HDFCBANK,Mar 2019,,1.8396579933498707,0.0813432177759076
HDFCBANK,Mar 2020,,1.8272036657421922,0.07729420620813117
HDFCBANK,Mar 2021,,1.9191819412431859,0.0714373436724614
HDFCBANK,Mar 2022,,1.7808180358323624,0.06403213665615605
HDFCBANK,Mar 2023,,1.8589879688605804,0.06748017729778946
HDFCBANK,Mar 2024,,1.4008974956974893,0.07038097917866981
HDFCBANK,TTM,,1.4108562701603238,
HDFCLIFE,Mar 2013,,483.39285714285717,0.33541676606708337
HDFCLIFE,Mar 2014,,68.71784232365145,0.3283787661406026
HDFCLIFE,Mar 2015,,333.43037974683546,0.3926618476676911
HDFCLIFE,Mar 2016,,159.13888888888889,0.23700094063545152
HDFCLIFE,Mar 2017,,213.4820143884892,0.32227094440413473
HDFCLIFE,Mar 2018,,110.58865248226951,0.2919906229917725
HDFCLIFE,Mar 2019,,276.7647058823529,0.2988386402091986
HDFCLIFE,Mar 2020,,76.52845528455285,0.2221986931268151
HDFCLIFE,Mar 2021,,157.96404494382023,0.3981408811332832
HDFCLIFE,Mar 2022,,86.61618798955614,0.2909237476921477
HDFCLIFE,Mar 2023,,48.80097425191371,0.28301400013705863
HDFCLIFE,Mar 2024,,192.28761904761905,0.33527042786773137
HDFCLIFE,TTM,,194.64591439688715,
HEROMOTOCO,Mar 2014,0.050506846878890274,50.51627906976744,2.497036158861885
HEROMOTOCO,Mar 2015,0.01529051987767584,73.90153846153846,2.5847568988173455
HEROMOTOCO,Mar 2016,0.026262168892913742,57.0855106888361,2.2066532258064515
HEROMOTOCO,Mar 2017,0.025300504071345483,28.94578313253012,1.8684691745036572
HEROMOTOCO,Mar 2018,0.019044437019712663,48.09219858156028,1.8657239753980572
HEROMOTOCO,Mar 2019,0.02378048780487805,39.063427800269906,1.8358733246865542
HEROMOTOCO,Mar 2020,0.031445231153685964,17.562064156206414,1.4869370743112738
HEROMOTOCO,Mar 2021,0.03788271925272444,48.64737793851718,1.3404485625216487
HEROMOTOCO,Mar 2022,0.038177573042216195,48.24770642201835,1.314663226265682
HEROMOTOCO,Mar 2023,0.034101825168107586,53.01587301587302,1.4281891541581302
HEROMOTOCO,Mar 2024,0.03423922255494661,47.24818577648767,1.4449202768324858
HEROMOTOCO,TTM,,37.17653390742734,
HINDALCO,Mar 2013,1.6119728276252476,65.25112511251125,0.665005390165022
HINDALCO,Mar 2014,1.5948182445079302,117.68242245199409,0.6355539128292096
HINDALCO,Mar 2015,1.7863236713715462,-114.7079326923077,0.7356891905238948
HINDALCO,Mar 2016,1.663473614223448,60.654,0.6996939339407422
HINDALCO,Mar 2017,1.3855489697996048,73.34474123539232,0.685515655791548
HINDALCO,Mar 2018,0.9493546269962809,35.251128864188956,0.7834832056810916
HINDALCO,Mar 2019,0.9115493643588807,102.06832298136646,0.858987181849288
HINDALCO,Mar 2020,1.172882692868289,114.61147902869757,0.7006606649349417
HINDALCO,Mar 2021,1.010115281138683,-115.9564336372847,0.6991134507631526
HINDALCO,Mar 2022,0.8247240731030425,133.05027932960894,0.8792184084199139
HINDALCO,Mar 2023,0.6359407632428328,153.43228768171386,0.9987158204654368
HINDALCO,Mar 2024,0.5309290976579428,126.45819618169848,0.9360228499109322
HINDALCO,TTM,,150.83615384615385,
HINDUNILVR,Mar 2013,0.008726003490401396,20.288512911843277,2.2332120410188554
HINDUNILVR,Mar 2014,0.013005371783997738,30.90277777777778,2.125490766322524
HINDUNILVR,Mar 2015,0.010677924012912838,21.299117882919006,2.2156618156618157
HINDUNILVR,Mar 2016,0.026928343222272933,54.065843621399175,2.175758804840127
HINDUNILVR,Mar 2017,0.041073546856465006,44.28052805280528,2.111422386349166
HINDUNILVR,Mar 2018,0.0,79.45042492917847,1.989978725786586
HINDUNILVR,Mar 2019,0.01258421253336723,94.5031055900621,2.1101508400880347
HINDUNILVR,Mar 2020,0.0,70.57075471698113,1.974048528755024
HINDUNILVR,Mar 2021,0.0,208.24705882352941,0.6841431480942682
HINDUNILVR,Mar 2022,0.02125924869040582,180.7716894977169,0.7438515870989703
HINDUNILVR,Mar 2023,0.024232665394402036,103.64508928571429,0.8289886010646305
HINDUNILVR,Mar 2024,0.028974188761763442,57.817625458996325,0.7885945801322478
HINDUNILVR,TTM,,32.78713210130048,
ICICIBANK,Mar 2013,,1.0806275579809004,0.06651383624126066
ICICIBANK,Mar 2014,,1.091972743892305,0.06616944963771895
ICICIBANK,Mar 2015,,1.0996822875297856,0.06653600926787874
ICICIBANK,Mar 2016,,1.241081183791744,0.06453726560697291
ICICIBANK,Mar 2017,,1.2169926417324335,0.06182251642192295
ICICIBANK,Mar 2018,,1.2816378263242205,0.05529044785067078
ICICIBANK,Mar 2019,,1.4121365360303413,0.05810651327016437
ICICIBANK,Mar 2020,,1.3142571208622016,0.06159623376887399
ICICIBANK,Mar 2021,,1.2651231745503921,0.05665416199647734
ICICIBANK,Mar 2022,,1.3004876949572663,0.05443625805001264
ICICIBANK,Mar 2023,,1.3494286767416144,0.061816501488391566
ICICIBANK,Mar 2024,,1.301063746373592,0.06747535915921023
ICICIBANK,TTM,,1.2347839751711405,
ICICIGI,Mar 2013,,7.151877133105802,0.3174804146553771
ICICIGI,Mar 2014,,5.603427172582619,0.2951709169831796
ICICIGI,Mar 2015,,4.491935483870968,0.2890891711047385
ICICIGI,Mar 2016,,,0.3848558305690227
ICICIGI,Mar 2017,,-3300.5,0.3220418825746221
ICICIGI,Mar 2018,,4.572339069471001,0.2323361344537815
ICICIGI,Mar 2019,,-4747.0,0.3341915396820645
ICICIGI,Mar 2020,,649.6666666666666,0.3109173370768317
ICICIGI,Mar 2021,,840.8333333333334,0.3094559519568426
ICICIGI,Mar 2022,,18.553770086526576,0.3151746381371932
ICICIGI,Mar 2023,,16.762865792129162,0.3245107649856588
ICICIGI,Mar 2024,,159.91071428571428,0.3236083907247109
ICICIGI,TTM,,-1661.5,
ICICIPRULI,Mar 2013,,21.42222222222222,0.2662190906673757
ICICIPRULI,Mar 2014,,158.015503875969,0.2686501215111569
ICICIPRULI,Mar 2015,,762.7441860465116,0.34039421034431655
ICICIPRULI,Mar 2016,,,0.1990073020569847
ICICIPRULI,Mar 2017,,277.0,0.3031561395210877
ICICIPRULI,Mar 2018,,280.77272727272725,0.27381380492035623
ICICIPRULI,Mar 2019,,50.334563345633455,0.25424009418343696
ICICIPRULI,Mar 2020,,13.52598225602028,0.13474886400779332
ICICIPRULI,Mar 2021,,50.07309766327142,0.382938955897247
ICICIPRULI,Mar 2022,,20.59793168285804,0.26004246492961375
ICICIPRULI,Mar 2023,,17.85811965811966,0.1972945190755557
ICICIPRULI,Mar 2024,,31.022222222222222,0.3020290902037117
ICICIPRULI,TTM,,82.79849946409432,
INDUSINDBK,Mar 2013,,1.4284666177549523,0.09525693317145702
INDUSINDBK,Mar 2014,,1.351136964569011,0.09484521867028245
INDUSINDBK,Mar 2015,,1.2295918367346939,0.08670060024868724
INDUSINDBK,Mar 2016,,1.27024567788899,0.08308082045109415
INDUSINDBK,Mar 2017,,1.3627427475425558,0.08063902198737181
INDUSINDBK,Mar 2018,,1.38,0.07797370344634655
INDUSINDBK,Mar 2019,,1.6438817071011156,0.08012770904797728
INDUSINDBK,Mar 2020,,1.814271327866494,0.09373799086817475
INDUSINDBK,Mar 2021,,2.4389388626314985,0.07989574982161207
INDUSINDBK,Mar 2022,,2.1598036542132535,0.07667641022451645
INDUSINDBK,Mar 2023,,1.9011756061719325,0.07944010974128667
INDUSINDBK,Mar 2024,,1.8787814230933106,0.08884228106460039
INDUSINDBK,TTM,,2.1115429051570214,
INFY,Mar 2013,0.0,2307.6,0.8720043219881145
INFY,Mar 2014,0.0,1487.7777777777778,0.8800512586455078
INFY,Mar 2015,0.0,1240.25,0.804341595136448
INFY,Mar 2016,0.0,,0.8314602253056007
INFY,Mar 2017,0.0,,0.8236397748592871
INFY,Mar 2018,0.0,,0.888757262221326
INFY,Mar 2019,0.0,,0.9834534770299527
INFY,Mar 2020,0.0707868601986249,130.98235294117646,0.98900871459695
INFY,Mar 2021,0.06974368377624393,143.02051282051283,0.9345276297309113
INFY,Mar 2022,0.07264764432647644,157.455,1.0420803742000702
INFY,Mar 2023,0.11005609558794277,123.69718309859155,1.1779431121384314
INFY,Mar 2024,0.09486358890553362,77.5,1.129760329363329
INFY,TTM,,89.96462264150944,
IOC,Mar 2013,1.422513761758967,1.9348129536571748,1.9091442793474396
IOC,Mar 2014,1.39761165019952,2.8954270342972426,1.8362079013961115
IOC,Mar 2015,0.942773709902371,2.5172577957629136,1.9219310509955834
IOC,Mar 2016,0.6507223827517226,6.320045884714655,1.4934078501607577
IOC,Mar 2017,0.6197206550697383,9.123430403419716,1.2983351539352401
IOC,Mar 2018,0.5765143931011468,10.750451612903225,1.424633272493747
IOC,Mar 2019,0.8603704131805209,7.159796954314721,1.5748845281083483
IOC,Mar 2020,1.3605107025304515,2.7715814917127073,1.4661173104781762
IOC,Mar 2021,1.043017578998194,13.613706102966246,1.0247926903095919
IOC,Mar 2022,0.9886546598270116,8.756508984231756,1.434282835461276
IOC,Mar 2023,1.0662463051366653,4.043621507643648,1.9044468828832906
IOC,Mar 2024,0.7230954600718581,9.59852810557036,1.6084096601703395
IOC,TTM,,3.5673274834795796,
IRCTC,Mar 2015,0.0,,0.9113597246127366
IRCTC,Mar 2016,0.0,,0.9512874043145442
IRCTC,Mar 2017,0.0,104.66666666666667,0.8324205914567361
IRCTC,Mar 2018,0.0,91.33333333333333,0.6321690383786115
IRCTC,Mar 2019,0.0,191.5,0.7208943716268311
IRCTC,Mar 2020,0.0,70.3,0.6985498302992903
IRCTC,Mar 2021,0.05425824175824176,23.5,0.24643196955280686
IRCTC,Mar 2022,0.05614973262032086,79.45454545454545,0.4837796086508754
IRCTC,Mar 2023,0.03389830508474576,79.75,0.6958145018667715
IRCTC,Mar 2024,0.018575851393188854,77.15789473684211,0.7010343129207027
IRCTC,TTM,,94.0625,
IRFC,Mar 2013,,1.356564417177914,0.07843968624125504
IRFC,Mar 2014,,1.3410028217929237,0.07383533897295365
IRFC,Mar 2015,,1.383213141025641,0.07916985179184684
IRFC,Mar 2016,,1.3531436854502628,0.06925276752767527
IRFC,Mar 2017,,1.3096689895470384,0.06978017740069417
IRFC,Mar 2018,,1.3903284121723412,0.057392176778061285
IRFC,Mar 2019,,1.354637663448613,0.05389053454918588
IRFC,Mar 2020,,1.3140804880448687,0.04871435623439224
IRFC,Mar 2021,,1.3933434190620273,0.041450055455974265
IRFC,Mar 2022,,1.4335346358792185,0.045110893817503
IRFC,Mar 2023,,1.3519802831432337,0.048376801486258024
IRFC,Mar 2024,,1.3189891050196507,0.05492885738906
IRFC,TTM,,1.3231469119319588,
ITC,Mar 2013,0.0044045254339753,103.89814814814815,0.8949588157038127
ITC,Mar 2014,0.00888497264750156,451.0344827586207,0.8643262828045437
ITC,Mar 2015,0.008476178472397277,156.6153846153846,0.844729282729805
ITC,Mar 2016,0.0019681349578256793,186.2948717948718,0.7587849218795377
ITC,Mar 2017,0.0009911016310085537,315.7142857142857,0.7651078750581416
ITC,Mar 2018,0.0006855836983431727,143.66086956521738,0.6763437679986302
ITC,Mar 2019,0.00021981366564650582,261.0845070422535,0.6738315281785361
ITC,Mar 2020,0.004243714859130115,238.8148148148148,0.6388224185432863
ITC,Mar 2021,0.004490695477819941,294.2241379310345,0.6677919225607029
ITC,Mar 2022,0.003986870546793691,343.71666666666664,0.7855976993626613
ITC,Mar 2023,0.004424842744559323,329.53846153846155,0.8262632382239518
ITC,Mar 2024,0.004066731984914169,327.9125,0.7723477995509732
ITC,TTM,,493.3333333333333,
JINDALSTEL,Mar 2013,1.1583850931677018,5.722586691658857,0.3470467646698088
JINDALSTEL,Mar 2014,1.6084918177797434,3.2091864969562813,0.27986011347641226
JINDALSTEL,Mar 2015,2.162389506700884,1.9005217391304348,0.2568410183089082
JINDALSTEL,Mar 2016,1.4427487976322604,1.056238475722188,0.2107080239832031
JINDALSTEL,Mar 2017,1.5257395760540415,1.3684975297878523,0.23850952249516974
JINDALSTEL,Mar 2018,1.413921342767813,1.673305742369374,0.3730359744480556
JINDALSTEL,Mar 2019,1.2329437431821724,1.972795497185741,0.5277019359333042
JINDALSTEL,Mar 2020,1.1458443538600367,1.8128980891719746,0.4225780570970114
JINDALSTEL,Mar 2021,0.9401225836869401,3.971304031965129,0.44423175745118193
JINDALSTEL,Mar 2022,0.37900350877192984,8.217690677966102,0.6675799801680496
JINDALSTEL,Mar 2023,0.3370536867669095,6.875518672199171,0.7664453310671641
JINDALSTEL,Mar 2024,0.3716941962270963,7.884080370942813,0.6400172860847018
JINDALSTEL,TTM,,7.986852281515855,
JIOFIN,Mar 2023,,,0.00039154267815191856
JIOFIN,Mar 2024,,155.9,0.012805202156520298
JIOFIN,TTM,,,
JSWENERGY,Mar 2013,1.6726305609284333,2.908618899273105,0.43527333398763374
JSWENERGY,Mar 2014,1.5379698676000608,2.699004975124378,0.4493868218665558
JSWENERGY,Mar 2015,1.2362330407023145,3.187335092348285,0.48130792996910404
JSWENERGY,Mar 2016,1.5315333882934872,2.6895861148197597,0.3442307018465959
JSWENERGY,Mar 2017,1.3838364355289807,1.972700296735905,0.2910634400648138
JSWENERGY,Mar 2018,1.0695769576957697,1.8633241758241759,0.30122375659593575
JSWENERGY,Mar 2019,0.8928269328370834,2.3951342281879193,0.3524647072436936
JSWENERGY,Mar 2020,0.844925296239052,2.813510941960038,0.3318358669929004
JSWENERGY,Mar 2021,0.5770317777624595,3.2511160714285716,0.2641279047582707
JSWENERGY,Mar 2022,0.5135228251507321,4.597168597168597,0.2676476371501606
JSWENERGY,Mar 2023,1.3447313328681088,3.8886255924170614,0.2133961211971002
JSWENERGY,Mar 2024,1.5156009984639016,2.621529469069654,0.19883324389357246
JSWENERGY,TTM,,2.583773403744599,
JSWSTEEL,Mar 2013,1.2672135950776442,3.3106253177427556,0.6643715333924504
JSWSTEEL,Mar 2014,1.6778596391801266,3.0082020997375327,0.6597114889232355
JSWSTEEL,Mar 2015,1.7386271870794079,2.6807901517320354,0.6184416372848903
JSWSTEEL,Mar 2016,2.225245175577349,1.7833935018050542,0.5072338139597348
JSWSTEEL,Mar 2017,1.9134543206605732,3.2664543524416136,0.6318277370603943
JSWSTEEL,Mar 2018,1.4069933566683335,4.0302620913266685,0.7821354789605306
JSWSTEEL,Mar 2019,1.3621497341572064,4.832780188920092,0.7383206878228525
JSWSTEEL,Mar 2020,1.678269898084647,2.7697538100820633,0.5562585343650432
JSWSTEEL,Mar 2021,1.3341886921563595,5.09931766489765,0.5382997228908352
JSWSTEEL,Mar 2022,1.0734059467732588,7.8731884057971016,0.7449474514593989
JSWSTEEL,Mar 2023,1.2307329324910572,2.6760359316140248,0.7882625071839422
JSWSTEEL,Mar 2024,1.1328071688833383,3.4740283775447254,0.7679137157851319
JSWSTEEL,TTM,,2.6823389021479715,
KOTAKBANK,Mar 2013,,1.2916666666666667,0.09356412137954849
KOTAKBANK,Mar 2014,,1.335289663006437,0.09808751442343101
KOTAKBANK,Mar 2015,,1.1921000981354268,0.08971198405000538
KOTAKBANK,Mar 2016,,1.512383698073647,0.08472450623743792
KOTAKBANK,Mar 2017,,1.2720411663807891,0.08082900053586688
KOTAKBANK,Mar 2018,,1.2282561029089314,0.07441371550396779
KOTAKBANK,Mar 2019,,1.2235570968540996,0.07548883900893537
KOTAKBANK,Mar 2020,,1.3366090457021076,0.07553257982774221
KOTAKBANK,Mar 2021,,1.2638629811768696,0.06853863599343432
KOTAKBANK,Mar 2022,,1.2308648410248186,0.061740390632719605
KOTAKBANK,Mar 2023,,1.2883305759686046,0.06793836532727301
KOTAKBANK,Mar 2024,,1.237006073034151,0.07325702420450533
KOTAKBANK,TTM,,1.167887233407562,
LICI,Mar 2019,,,0.16675415179930025
LICI,Mar 2020,,,0.1794493681700332
LICI,Mar 2021,,,0.18041772293371186
LICI,Mar 2022,,,0.17009778190664493
LICI,Mar 2023,,444.24675324675326,0.17137262036771503
LICI,Mar 2024,,256.0859375,0.15913440945875762
LICI,TTM,,,
LODHA,Mar 2011,7.521505376344086,1.802120141342756,0.22926777801223888
LODHA,Mar 2012,3.782415630550622,2.8503937007874014,0.3187311178247734
LODHA,Mar 2015,3.5980570734669097,2.981707317073171,0.22273019501392957
LODHA,Mar 2016,3.4822552227535866,2.151821862348178,0.26625996578548144
LODHA,Mar 2017,4.012645673196132,2.192934782608696,0.23359170080457398
LODHA,Mar 2018,4.3897515527950315,4.312820512820513,0.2404163871705051
LODHA,Mar 2019,6.675605311116897,5.596830985915493,0.23878950746029198
LODHA,Mar 2020,4.047231985940246,2.5905405405405406,0.30577740643353896
LODHA,Mar 2021,3.9558599695586,1.2174295774647887,0.13862318103185103
LODHA,Mar 2022,0.9529985131339831,3.177325581395349,0.24041766482658056
LODHA,Mar 2023,0.7154702677090736,4.282157676348548,0.24206328919789377
LODHA,Mar 2024,0.4406663232010991,5.529045643153527,0.21856858341455146
LODHA,TTM,,7.416342412451362,
LT,Mar 2013,0.17475728155339806,2.4545454545454546,31.969931271477662
LT,Mar 2014,0.06832298136645963,2.169079149984601,31.903225806451612
LT,Mar 2015,0.10760118460019744,2.1585466556564823,30.869375419744795
LT,Mar 2016,0.02588235294117647,2.2446731410349328,32.23525661459993
LT,Mar 2017,0.0,2.4337384682969687,24.748019017432647
LT,Mar 2018,0.0,2.6070780399274045,22.42514521266629
LT,Mar 2019,0.0,2.448442017346611,20.29111644657863
LT,Mar 2020,0.1687638786084382,2.227837764268215,16.500510493477027
LT,Mar 2021,0.1092552026286966,1.996595744680851,12.701195591257239
LT,Mar 2022,0.018057110862262037,2.632809962100704,7.608448376433988
LT,Mar 2023,0.09287608486017358,2.876230809952356,7.8080575784676975
LT,Mar 2024,0.10345688880007993,3.139718250630782,8.027628521638107
LT,TTM,,3.271231422505308,
LTIM,Mar 2013,0.17475728155339806,41.42857142857143,1.654209621993127
LTIM,Mar 2014,0.06832298136645963,37.0,1.8454613653413354
LTIM,Mar 2015,0.10760118460019744,100.5,1.671591672263264
LTIM,Mar 2016,0.02588235294117647,171.33333333333334,1.8635639145680587
LTIM,Mar 2017,0.0,410.0,1.4718134480416571
LTIM,Mar 2018,0.0,74.1875,1.3689338579726438
LTIM,Mar 2019,0.0,171.1818181818182,1.4174669867947178
LTIM,Mar 2020,0.1687638786084382,24.44578313253012,1.2341463414634146
LTIM,Mar 2021,0.1092552026286966,34.49367088607595,1.1554268634410612
LTIM,Mar 2022,0.018057110862262037,42.67479674796748,1.2691522457709508
LTIM,Mar 2023,0.09287608486017358,40.72,1.4131851284016865
LTIM,Mar 2024,0.10345688880007993,28.77027027027027,1.2894641301190821
LTIM,TTM,,22.978571428571428,
M&M,Mar 2013,1.438354791844096,3.9686547670875054,0.9022999829241701
M&M,Mar 2014,1.5088599991418887,3.4427894380501014,0.8419825006542343
M&M,Mar 2015,1.4661793711567468,2.7852391510928096,0.7570568788675087
M&M,Mar 2016,1.5685112486788464,2.9934679334916865,0.7595341104835156
M&M,Mar 2017,1.6375176304654442,2.943515217987387,0.7359160187991391
M&M,Mar 2018,1.52,3.3172811637822925,0.675329437042143
M&M,Mar 2019,1.771953080059025,3.02867954590719,0.6468691510850026
M&M,Mar 2020,2.053891766118742,1.6870951669157948,0.4548866735861353
M&M,Mar 2021,1.9389399259294888,1.8824975417895773,0.45025701954318414
M&M,Mar 2022,1.6468603442055896,2.9260661618174573,0.5230700512796714
M&M,Mar 2023,1.6365716921548452,3.479416809605489,0.5936323629474797
M&M,Mar 2024,1.6414413053331318,3.3242521367521367,0.5925222177725139
M&M,TTM,,3.2938612422811477,
MARUTI,Mar 2013,0.08245743115408871,22.025252525252526,1.6100592361085875
MARUTI,Mar 2014,0.09322664681801265,28.858695652173914,1.4151099250222392
MARUTI,Mar 2015,0.027387120651369355,31.61467889908257,1.4734750703367463
MARUTI,Mar 2016,0.0075450744708649075,110.04878048780488,1.347867808828348
MARUTI,Mar 2017,0.013054619015509103,117.08988764044943,1.3103348729792148
MARUTI,Mar 2018,0.002843111915223572,35.02312138728324,1.32467467799761
MARUTI,Mar 2019,0.00339760468869447,145.47368421052633,1.345464209226344
MARUTI,Mar 2020,0.0037237164308987513,54.88805970149254,1.1890991387439491
MARUTI,Mar 2021,0.010304565627321384,53.049019607843135,0.985933647164313
MARUTI,Mar 2022,0.007698841559286501,45.29133858267716,1.1831600942991856
MARUTI,Mar 2023,0.016729222520107237,52.07142857142857,1.1828461830459713
MARUTI,Mar 2024,0.001389602503619973,96.01030927835052,1.230295566502463
MARUTI,TTM,,93.23584905660377,
MOTHERSON,Mar 2013,2.142420270860638,5.92,1.9858701624931314
MOTHERSON,Mar 2014,1.6356877323420074,8.153061224489797,1.9951456310679612
MOTHERSON,Mar 2015,1.5436221419975933,8.943396226415095,1.9891535150645625
MOTHERSON,Mar 2016,1.3802592676825107,10.284057971014493,1.8924993643529113
MOTHERSON,Mar 2017,1.251088007736944,11.122666666666667,1.3265715001252192
MOTHERSON,Mar 2018,1.0495750708215297,12.476885644768856,1.5227727592362201
MOTHERSON,Mar 2019,1.0520842834990423,12.643026004728132,1.4857791083875194
MOTHERSON,Mar 2020,1.166503862889619,7.8482293423271505,1.3485444007727667
MOTHERSON,Mar 2021,0.949765146087095,8.53515625,1.201491130704308
MOTHERSON,Mar 2022,0.6863221293957645,8.681399631675875,1.144420916627786
MOTHERSON,Mar 2023,0.6142882593978265,8.003841229193341,1.2846567748247186
MOTHERSON,Mar 2024,0.7616899254444657,5.147432357813363,1.1724203473591674
MOTHERSON,TTM,,5.081999029597283,
NAUKRI,Mar 2013,0.001644736842105263,40.333333333333336,0.5721212121212121
NAUKRI,Mar 2014,0.001488095238095238,32.333333333333336,0.5349056603773585
NAUKRI,Mar 2015,0.0007067137809187279,5.25,0.3301759133964817
NAUKRI,Mar 2016,0.0006480881399870382,30.333333333333332,0.38857142857142857
NAUKRI,Mar 2017,0.000628140703517588,-2.25,0.43253774963468095
NAUKRI,Mar 2018,0.0004889975550122249,43.8,0.38058551617873654
NAUKRI,Mar 2019,0.00039323633503735744,1.2857142857142858,0.36092819065537785
NAUKRI,Mar 2020,0.03507972665148064,-25.0,0.4535084687175942
NAUKRI,Mar 2021,0.012045959970348406,6.7272727272727275,0.1792752701843611
NAUKRI,Mar 2022,0.0037118663728105787,40.54545454545455,0.0775765268759459
NAUKRI,Mar 2023,0.00806090461262875,19.333333333333332,0.14083323328130629
NAUKRI,Mar 2024,0.008129006675038002,20.314285714285713,0.07027071960985341
NAUKRI,TTM,,34.13636363636363,
NESTLEIND,Dec 2013,0.5021114864864865,52.648648648648646,1.441400063351283
NESTLEIND,Dec 2014,0.007049700387733521,145.64285714285714,1.693298969072165
NESTLEIND,Dec 2015,0.006389776357827476,518.3333333333334,1.343246795925074
NESTLEIND,Dec 2016,0.010054844606946984,20.32967032967033,1.3422907488986784
NESTLEIND,Dec 2017,0.01023391812865497,22.793478260869566,1.3595002037213093
NESTLEIND,Dec 2018,0.00952899537163082,23.375,1.3961424332344214
NESTLEIND,Dec 2019,0.09854014598540146,22.68217054263566,1.7243831033040569
NESTLEIND,Dec 2020,0.07280832095096583,19.524390243902438,1.6898734177215189
NESTLEIND,Dec 2021,0.1366906474820144,17.633663366336634,1.790259897983969
NESTLEIND,Dec 2022,0.11020740138267589,23.90967741935484,1.8818353936964027
NESTLEIND,Dec 2023,0.11020740138267589,37.57142857142857,2.130081300813008
NESTLEIND,Mar 2024,0.10329341317365269,40.08965517241379,2.318160220469448
NESTLEIND,TTM,,41.823008849557525,
NHPC,Mar 2013,0.6826648766571572,6.795417348608838,0.10232356761437437
NHPC,Mar 2014,0.7370601147065071,3.6093100581878637,0.1202891236752568
NHPC,Mar 2015,0.669224266857403,3.9614197530864197,0.13381405039390584
NHPC,Mar 2016,0.6300919634674336,4.123275862068965,0.13297677602152078
NHPC,Mar 2017,0.6626572462519387,4.310679611650485,0.14327014139265953
NHPC,Mar 2018,0.6192203987883226,4.597402597402597,0.12322628827483197
NHPC,Mar 2019,0.6190661731281252,5.559151785714286,0.13460904486468667
NHPC,Mar 2020,0.7401293776488959,6.209806157354618,0.1404099499137169
NHPC,Mar 2021,0.7068949868393186,9.145580589254767,0.13191861737037847
NHPC,Mar 2022,0.7472867329114287,6.848122866894198,0.11831073387848048
NHPC,Mar 2023,0.7992208003030221,13.018947368421053,0.12303534351764855
NHPC,Mar 2024,0.8413260296625498,7.90625,0.10324018993108032
NHPC,TTM,,6.984679665738161,
NTPC,Mar 2013,0.8668020679468242,7.285828984343637,0.4000425112990558
NTPC,Mar 2014,0.9327371205441491,6.045663499846767,0.3914190627529757
NTPC,Mar 2015,1.2455477866835578,4.7293540474243665,0.3639173099330032
NTPC,Mar 2016,1.0857111657111658,5.516339869281046,0.32669085082233545
NTPC,Mar 2017,1.1628712770089331,5.754862776445511,0.33001476261157436
NTPC,Mar 2018,1.2557477091239149,5.056217674836969,0.3118070600229387
NTPC,Mar 2019,1.5540828147310004,4.051739518287244,0.2890756738526993
NTPC,Mar 2020,1.7080444294850219,3.857125412138234,0.28991786931660174
NTPC,Mar 2021,1.6717804340737559,3.6908065915004338,0.2802131540467612
NTPC,Mar 2022,1.5564805649533884,4.304820819112628,0.3190454776098944
NTPC,Mar 2023,1.5161777408976826,4.157945313182493,0.39403250079943825
NTPC,Mar 2024,1.475521125007778,4.183074546784814,0.37243729109201756
NTPC,TTM,,4.199759519038076,
ONGC,Mar 2013,0.1356210007342914,89.87809917355372,0.6391817665256645
ONGC,Mar 2014,0.285288582183187,78.73397435897436,0.5357964895869234
ONGC,Mar 2015,0.2989332520572996,14.773743016759777,0.47631916222432047
ONGC,Mar 2016,0.23001405360591262,10.391662241104621,0.36292030944606346
ONGC,Mar 2017,0.41170145998168595,14.704539125591758,0.6355233113998088
ONGC,Mar 2018,0.5222552801454766,11.380076015203041,0.7027079994425476
ONGC,Mar 2019,0.4966579697050716,12.81805722117526,0.8563623327639471
ONGC,Mar 2020,0.6312553631328497,6.957537721992256,0.7804014446341597
ONGC,Mar 2021,0.6027079251157339,9.740696987595983,0.5608677835451169
ONGC,Mar 2022,0.4700754904567577,14.022823033707866,0.8422418818365738
ONGC,Mar 2023,0.5068823112308345,9.573710229433388,1.0312763510923726
ONGC,Mar 2024,0.45444863084819176,10.087796743182263,0.8332173339682772
ONGC,TTM,,6.8194091486658195,
PFC,Mar 2013,,0.5445202364711232,0.10225004429221048
PFC,Mar 2014,,0.5827779054623459,0.11016364759160148
PFC,Mar 2015,,0.5453545548654244,0.10915985182078702
PFC,Mar 2016,,0.5500390226331272,0.11269719278375535
PFC,Mar 2017,,0.31458730916030536,0.10627001159757568
PFC,Mar 2018,,0.3879956419822378,0.09305476612870815
PFC,Mar 2019,,0.5135587836081671,0.08603699657639349
PFC,Mar 2020,,0.34305300526380217,0.08954228885807629
PFC,Mar 2021,,0.4447005639602542,0.09237508492252874
PFC,Mar 2022,,0.5219978080475967,0.09641213653603034
PFC,Mar 2023,,0.5636471914413935,0.08669005660006784
PFC,Mar 2024,,0.5792243193816639,0.0880835748601615
PFC,TTM,,0.581481180391838,
PIDILITIND,Mar 2013,0.06723198061780739,34.875,1.4059633027522935
PIDILITIND,Mar 2014,0.0235655737704918,42.0,1.462773224043716
PIDILITIND,Mar 2015,0.02555066079295154,48.1875,1.461236802413273
PIDILITIND,Mar 2016,0.030326004548900682,90.23076923076923,1.4434571890145396
PIDILITIND,Mar 2017,0.028233938346297897,90.14285714285714,1.1775681341719078
PIDILITIND,Mar 2018,0.03497481813094572,83.8125,1.169070975187536
PIDILITIND,Mar 2019,0.027242044358727097,52.73076923076923,1.1988482384823849
PIDILITIND,Mar 2020,0.06463195691202872,46.35294117647059,1.11819714855128
PIDILITIND,Mar 2021,0.059181119256213124,45.567567567567565,0.827433628318584
PIDILITIND,Mar 2022,0.06495940037476577,44.19047619047619,1.044975774173162
PIDILITIND,Mar 2023,0.05421519689406545,41.375,1.1231794383626845
PIDILITIND,Mar 2024,0.045438325205186154,53.09803921568628,1.0254223252732693
PIDILITIND,TTM,,60.244897959183675,
PNB,Mar 2013,,,5.626518615284128
PNB,Mar 2013,,,5.626518615284128
PNB,Mar 2013,,,5.626518615284128
PNB,Mar 2013,,,5.626518615284128
PNB,Mar 2013,,,5.626518615284128
PNB,Mar 2014,,,3.895840554592721
PNB,Mar 2014,,,3.895840554592721
PNB,Mar 2014,,,3.895840554592721
PNB,Mar 2014,,,3.895840554592721
PNB,Mar 2014,,,3.895840554592721
PNB,Mar 2015,,,2.5589703178355663
PNB,Mar 2015,,,2.5589703178355663
PNB,Mar 2015,,,2.5589703178355663
PNB,Mar 2015,,,2.5589703178355663
PNB,Mar 2015,,,2.5589703178355663
PNB,Mar 2016,,,1.7122442789255503
PNB,Mar 2016,,,1.7122442789255503
PNB,Mar 2016,,,1.7122442789255503
PNB,Mar 2016,,,1.7122442789255503
PNB,Mar 2016,,,1.7122442789255503
PNB,Mar 2017,,,1.1186685288640597
PNB,Mar 2017,,,1.1186685288640597
PNB,Mar 2017,,,1.1186685288640597
PNB,Mar 2017,,,1.1186685288640597
PNB,Mar 2017,,,1.1186685288640597
PNB,Mar 2018,,,0.7731917864737059
PNB,Mar 2018,,,0.7731917864737059
PNB,Mar 2018,,,0.7731917864737059
PNB,Mar 2018,,,0.7731917864737059
PNB,Mar 2018,,,0.7731917864737059
PNB,Mar 2019,,,0.6226507462686567
PNB,Mar 2019,,,0.6226507462686567
PNB,Mar 2019,,,0.6226507462686567
PNB,Mar 2019,,,0.6226507462686567
PNB,Mar 2019,,,0.6226507462686567
PNB,Mar 2020,,,0.6962750716332379
PNB,Mar 2020,,,0.6962750716332379
PNB,Mar 2020,,,0.6962750716332379
PNB,Mar 2020,,,0.6962750716332379
PNB,Mar 2020,,,0.6962750716332379
PNB,Mar 2021,,,1.1486268627423493
PNB,Mar 2021,,,1.1486268627423493
PNB,Mar 2021,,,1.1486268627423493
PNB,Mar 2021,,,1.1486268627423493
PNB,Mar 2021,,,1.1486268627423493
PNB,Mar 2022,,,1.161358131883197
PNB,Mar 2022,,,1.161358131883197
PNB,Mar 2022,,,1.161358131883197
PNB,Mar 2022,,,1.161358131883197
PNB,Mar 2022,,,1.161358131883197
PNB,Mar 2023,,,1.299977546590824
PNB,Mar 2023,,,1.299977546590824
PNB,Mar 2023,,,1.299977546590824
PNB,Mar 2023,,,1.299977546590824
PNB,Mar 2023,,,1.299977546590824
PNB,Mar 2024,,,1.5070262950629396
PNB,Mar 2024,,,1.5070262950629396
PNB,Mar 2024,,,1.5070262950629396
PNB,Mar 2024,,,1.5070262950629396
PNB,Mar 2024,,,1.5070262950629396
PNB,TTM,,,
POWERGRID,Mar 2013,2.6221641480134834,4.169680646402463,0.11536901150074085
POWERGRID,Mar 2013,2.6221641480134834,4.169680646402463,0.11536901150074085
POWERGRID,Mar 2014,2.427229235114416,3.984941610325753,0.1099448685326548
POWERGRID,Mar 2014,2.427229235114416,3.984941610325753,0.1099448685326548
POWERGRID,Mar 2015,2.503785218137829,3.6576819407008085,0.10909045676186685
POWERGRID,Mar 2015,2.503785218137829,3.6576819407008085,0.10909045676186685
POWERGRID,Mar 2016,2.468614964748692,3.5753047581596538,0.11517355224413313
POWERGRID,Mar 2016,2.468614964748692,3.5753047581596538,0.11517355224413313
POWERGRID,Mar 2017,2.386154895118919,3.618633139909736,0.13133362635565413
POWERGRID,Mar 2017,2.386154895118919,3.618633139909736,0.13133362635565413
POWERGRID,Mar 2018,2.416179767023114,3.5446477334789734,0.13291976179699494
POWERGRID,Mar 2018,2.416179767023114,3.5446477334789734,0.13291976179699494
POWERGRID,Mar 2019,2.477212340706392,3.0811491358589906,0.14172123858032176
POWERGRID,Mar 2019,2.477212340706392,3.0811491358589906,0.14172123858032176
POWERGRID,Mar 2020,2.2917954742178805,3.458407824166579,0.14705206275738203
POWERGRID,Mar 2020,2.2917954742178805,3.458407824166579,0.14705206275738203
POWERGRID,Mar 2021,2.0480439258750858,4.290842040565458,0.15502057033804184
POWERGRID,Mar 2021,2.0480439258750858,4.290842040565458,0.15502057033804184
POWERGRID,Mar 2022,1.7665744226002336,4.458188153310105,0.16585774058577407
POWERGRID,Mar 2022,1.7665744226002336,4.458188153310105,0.16585774058577407
POWERGRID,Mar 2023,1.5487196781731023,4.107951006850737,0.1808028545941124
POWERGRID,Mar 2023,1.5487196781731023,4.107951006850737,0.1808028545941124
POWERGRID,Mar 2024,1.4173456039290386,4.539610167559558,0.18276594811604718
POWERGRID,Mar 2024,1.4173456039290386,4.539610167559558,0.18276594811604718
POWERGRID,TTM,,4.431330472103005,
RECLTD,Mar 2013,,1.641717184213782,0.10441908554798192
RECLTD,Mar 2014,,1.6591928251121075,0.1126098441259546
RECLTD,Mar 2015,,1.6380912162162162,0.1119832548403977
RECLTD,Mar 2016,,1.5715586052373618,0.11657686825001812
RECLTD,Mar 2017,,1.6676571088991234,0.11576018454660039
RECLTD,Mar 2018,,1.4459611490287256,0.09348516730618475
RECLTD,Mar 2019,,1.5157618773578874,0.08513204714964451
RECLTD,Mar 2020,,1.3670159549260177,0.08628072500936518
RECLTD,Mar 2021,,1.5014658662571547,0.08870024222497735
RECLTD,Mar 2022,,1.561743231599474,0.09559460643528209
RECLTD,Mar 2023,,1.5854717060632875,0.08482437277525601
RECLTD,Mar 2024,,1.5988713770535594,0.08667964267928514
RECLTD,TTM,,1.5856586126266563,
RELIANCE,Mar 2013,0.5889374090247452,9.574068726537684,1.0927262340730275
RELIANCE,Mar 2014,0.698389929889726,9.107142857142858,1.0109084210305403
RELIANCE,Mar 2015,0.7700309841234971,11.293425814234016,0.7420860043688031
RELIANCE,Mar 2016,0.8408937794745116,11.31969655919805,0.45506571819224473
RELIANCE,Mar 2017,0.8246779594173881,12.030917121330216,0.43004122795351457
RELIANCE,Mar 2018,0.8171655775350418,7.987456532538499,0.48174042523293636
RELIANCE,Mar 2019,0.7948965674016822,5.107608366171567,0.569687158565801
RELIANCE,Mar 2020,0.7906497820404929,4.052571843646434,0.5130449736245878
RELIANCE,Mar 2021,0.398419245556806,3.8128274104488176,0.35324548412388784
RELIANCE,Mar 2022,0.40944726325715053,7.445213933077345,0.4635411731577409
RELIANCE,Mar 2023,0.6309284341334763,7.271881866026264,0.5457412188442239
RELIANCE,Mar 2024,0.5784524141094746,7.02906825849987,0.5122600635424216
RELIANCE,TTM,,6.874471204188482,
SBILIFE,Mar 2013,,106.75,0.276836578917973
SBILIFE,Mar 2014,,102.2,0.2845976253298153
SBILIFE,Mar 2015,,198.5,0.31568651259427155
SBILIFE,Mar 2016,,184.0,0.23162209783168922
SBILIFE,Mar 2017,,213.6,0.2987871674491393
SBILIFE,Mar 2018,,222.0,0.2798882681564246
SBILIFE,Mar 2019,,184.25,0.30397862799351205
SBILIFE,Mar 2020,,,0.26451262229737893
SBILIFE,Mar 2021,,,0.36112066305162455
SBILIFE,Mar 2022,,,0.3035922688841979
SBILIFE,Mar 2023,,12.2,0.2563135928594814
SBILIFE,Mar 2024,,27.333333333333332,0.33137919000549837
SBILIFE,TTM,,,
SBIN,Mar 2013,,-0.047969443352244005,
SBIN,Mar 2014,,-0.12030062809209822,
SBIN,Mar 2015,,-0.16428265717568086,
SBIN,Mar 2016,,-0.2264919921424427,
SBIN,Mar 2017,,-0.43143882238540726,
SBIN,Mar 2018,,-0.591372618568515,
SBIN,Mar 2019,,-0.44043318983492336,
SBIN,Mar 2020,,-0.39833296094933096,
SBIN,Mar 2021,,-0.45327222613935003,
SBIN,Mar 2022,,-0.4069938666017901,
SBIN,Mar 2023,,-0.22864918070754445,
SBIN,Mar 2024,,-0.23214725721501833,
SBIN,TTM,,-0.20837440504689217,
SHREECEM,Jun 2013,0.3350676378772112,8.088082901554404,0.8795454545454545
SHREECEM,Jun 2014,0.25472298874973465,10.775193798449612,0.7797789602947196
SHREECEM,Jun 2015,0.17380591357088704,11.107438016528926,0.7825706426606651
SHREECEM,Mar 2016 9m,,18.513157894736842,
SHREECEM,Mar 2017,0.16796570537802027,19.48062015503876,0.769657890023285
SHREECEM,Mar 2018,0.3824884792626728,18.31851851851852,0.649385814291375
SHREECEM,Mar 2019,0.2898355909419915,11.278225806451612,0.810365971729168
SHREECEM,Mar 2020,0.2388943731490622,12.958762886597938,0.6452065784195748
SHREECEM,Mar 2021,0.14483340910566994,16.298804780876495,0.6303165527820388
SHREECEM,Mar 2022,0.12193585337915235,14.106463878326997,0.6320266116468062
SHREECEM,Mar 2023,0.14622236531444516,11.254752851711027,0.6779068884332042
SHREECEM,Mar 2024,0.07998840747717723,17.511627906976745,0.7348612354521038
SHREECEM,TTM,,18.45414847161572,
SHRIRAMFIN,Mar 2013,,0.7047218628719275,0.1482633159876465
SHRIRAMFIN,Mar 2014,,0.47224190881171746,0.16196590995948942
SHRIRAMFIN,Mar 2015,,0.35932851678708033,0.14764938700646782
SHRIRAMFIN,Mar 2016,,0.3584905660377358,0.15230911737461955
SHRIRAMFIN,Mar 2017,,0.3778501628664495,0.1464551486983854
SHRIRAMFIN,Mar 2018,,0.5936963644874396,0.1386811832374692
SHRIRAMFIN,Mar 2019,,0.5025118984664199,0.14737381306975023
SHRIRAMFIN,Mar 2020,,0.4288463851798388,0.14493375107205994
SHRIRAMFIN,Mar 2021,,0.3742986027065684,0.13410822877376646
SHRIRAMFIN,Mar 2022,,0.3751151130666121,0.13534315517192905
SHRIRAMFIN,Mar 2023,,0.6775236775236775,0.14480488951574988
SHRIRAMFIN,Mar 2024,,0.6750705671028997,0.14656859980827017
SHRIRAMFIN,TTM,,0.6629500580720092,
SIEMENS,Sep 2011,0.0,45.03846153846154,1.1769049025398701
SIEMENS,Sep 2014,0.0,3.838709677419355,1.037706511175899
SIEMENS,Sep 2015,0.004885675200312683,33.266666666666666,0.9987708018154312
SIEMENS,Sep 2016,0.003674849331177422,92.81818181818181,0.9041381611880527
SIEMENS,Sep 2017,0.0,132.0,0.8422134267011722
SIEMENS,Sep 2018,0.0,165.875,0.8925083705357143
SIEMENS,Sep 2019,0.0,124.16666666666667,0.8519338455528064
SIEMENS,Sep 2020,0.0,33.43333333333333,0.6271122320302648
SIEMENS,Sep 2021,0.0003865854837150865,60.5,0.7326117124618373
SIEMENS,Sep 2022,0.015676141257536608,51.666666666666664,0.8025262320354071
SIEMENS,Sep 2023,0.01337204859784519,108.1304347826087,0.9033539684006283
SIEMENS,Sep 2024,0.018167610861496385,51.733333333333334,0.8790861298865568
SUNPHARMA,Mar 2013,0.01734489659773182,111.25581395348837,0.5462531285272612
SUNPHARMA,Mar 2014,0.13824561403508773,159.1590909090909,0.5526722804605603
SUNPHARMA,Mar 2015,0.35088540447772837,13.63385146804836,0.5621985509923445
SUNPHARMA,Mar 2016,0.25761756056150137,15.62906309751434,0.5139460200620625
SUNPHARMA,Mar 2017,0.2683406113537118,25.255,0.5168671740731647
SUNPHARMA,Mar 2018,0.2710497468288354,10.87065637065637,0.4119787859464672
SUNPHARMA,Mar 2019,0.25390615566664254,11.49009009009009,0.4500077411363988
SUNPHARMA,Mar 2020,0.18369601237158953,23.046204620462046,0.48153796521688125
SUNPHARMA,Mar 2021,0.08327055936982115,60.0709219858156,0.4953713288574724
SUNPHARMA,Mar 2022,0.02686884255691404,80.77165354330708,0.5539727126805778
SUNPHARMA,Mar 2023,0.12297526564871863,67.73255813953489,0.5437357518089008
SUNPHARMA,Mar 2024,0.051423814535002436,54.69747899159664,0.5684929901064378
SUNPHARMA,TTM,,58.82426778242678,
TATACONSUM,Mar 2013,0.28877338877338876,9.166666666666666,0.835910848305663
TATACONSUM,Mar 2014,0.24585399213540776,8.64367816091954,0.7807486631016043
TATACONSUM,Mar 2015,0.24103404332787184,9.658536585365853,0.8451046732924509
TATACONSUM,Mar 2016,0.21674403713782617,3.128205128205128,0.6707427993936331
TATACONSUM,Mar 2017,0.12561851556264964,18.3953488372093,0.7098733116951105
TATACONSUM,Mar 2018,0.1518987341772152,16.134615384615383,0.6514673549373865
TATACONSUM,Mar 2019,0.15561920349154393,10.076923076923077,0.6664828600312471
TATACONSUM,Mar 2020,0.11480275063336953,18.72463768115942,0.5216802901531965
TATACONSUM,Mar 2021,0.11242603550295859,21.15068493150685,0.5738450885349689
TATACONSUM,Mar 2022,0.09325056135252939,19.75862068965517,0.5895610913404508
TATACONSUM,Mar 2023,0.09829821220126558,14.276923076923078,0.6055267551181794
TATACONSUM,Mar 2024,0.21654107242947002,26.25287356321839,0.5454284586965099
TATACONSUM,TTM,,9.313432835820896,
TATAMOTORS,Mar 2013,1.427212583362117,6.908988764044944,1.1215647834610587
TATAMOTORS,Mar 2014,0.9243643680263398,7.339018740787534,1.0659628432512613
TATAMOTORS,Mar 2015,1.3083431090256301,8.072207364739766,1.10890167077513
TATAMOTORS,Mar 2016,0.8785084608369642,7.853344242176314,1.0374718827892273
TATAMOTORS,Mar 2017,1.3537942199717543,6.9818310523832,0.9894086139848852
TATAMOTORS,Mar 2018,0.9321163599782034,6.7189235369500215,0.8910670187535148
TATAMOTORS,Mar 2019,1.7643197793250136,4.282687966660879,0.9876841247877842
TATAMOTORS,Mar 2020,1.9782812029360008,2.483363247273229,0.8153813960315949
TATAMOTORS,Mar 2021,2.5726464785418215,3.987526244288008,0.7313142254881869
TATAMOTORS,Mar 2022,3.2864836965059134,2.654639175257732,0.846207845961691
TATAMOTORS,Mar 2023,2.9591147786946737,3.11158924205379,1.0337432845097019
TATAMOTORS,Mar 2024,1.2631244259167667,5.962147005808132,1.1851234435931923
TATAMOTORS,TTM,,6.842777966293406,
TATAPOWER,Mar 2013,3.0710985002026754,2.1177138531415594,0.49328694410990676
TATAPOWER,Mar 2014,3.2394968147730023,2.01046511627907,0.5004833083507277
TATAPOWER,Mar 2015,2.836080458164548,1.703433360367667,0.4468045487796768
TATAPOWER,Mar 2016,3.3395512765408752,0.6504944375772559,0.42100004282227327
TATAPOWER,Mar 2017,3.694187982442864,1.626448736998514,0.33307175023240654
TATAPOWER,Mar 2018,2.962924568571254,0.6102100505184791,0.32774874224588485
TATAPOWER,Mar 2019,2.649877082764272,0.7362110311750599,0.3554173159040358
TATAPOWER,Mar 2020,2.6544004906470406,1.5142412105028928,0.3249102303900796
TATAPOWER,Mar 2021,2.092371097074766,1.7259351620947632,0.3314885206020982
TATAPOWER,Mar 2022,2.281213795561893,1.8219746048199015,0.38041759218125276
TATAPOWER,Mar 2023,1.8383701542309296,1.767612076852699,0.43021640019985014
TATAPOWER,Mar 2024,1.659321300531586,2.317073170731707,0.4419074604110633
TATAPOWER,TTM,,2.430644097603869,
TATASTEEL,Mar 2013,2.0054137890670725,0.9992439516129032,0.9171818404640649
TATASTEEL,Mar 2014,2.0139396032764236,3.731611713165783,0.8660287638982774
TATASTEEL,Mar 2015,2.574276691441513,0.7031765676567657,0.8767825830091321
TATASTEEL,Mar 2016,1.8747599012165006,-0.1480691779199242,0.5764512335768074
TATASTEEL,Mar 2017,2.195034242047648,2.591482649842271,0.6512087771895133
TATASTEEL,Mar 2018,1.5138078888140494,3.9290559120073327,0.5904935751861328
TATASTEEL,Mar 2019,1.4626913311570549,3.827415143603133,0.6773508955076405
TATASTEEL,Mar 2020,1.5810590409916276,2.318199920350458,0.5611782507656061
TATASTEEL,Mar 2021,1.19210926871321,4.009990797949257,0.6407881627984208
TATASTEEL,Mar 2022,0.6602500808262629,11.623947272061516,0.8638101847589778
TATASTEEL,Mar 2023,0.8235482431462331,5.127798063184632,0.8526853915261602
TATASTEEL,Mar 2024,0.9461835171402184,2.9632392115077253,0.8509498277091255
TATASTEEL,TTM,,3.4235866919123614,
TCS,Mar 2013,0.008613085663882115,375.8333333333333,1.2129130401294
TCS,Mar 2014,0.006037198902327472,644.9487179487179,1.224154184560595
TCS,Mar 2015,0.007070208353905401,235.40384615384616,1.2909244660247143
TCS,Mar 2016,0.0034472084646555608,929.6060606060606,1.23054444960415
TCS,Mar 2017,0.003352123785000116,1009.71875,1.152765969921726
TCS,Mar 2018,0.002901513015694014,625.3076923076923,1.1710138310218214
TCS,Mar 2019,0.000693155646982537,199.5252525252525,1.2858798430215714
TCS,Mar 2020,0.09716377814231035,45.57251082251082,1.3065255937466183
TCS,Mar 2021,0.09018546157139055,73.07064364207221,1.2629777217059512
TCS,Mar 2022,0.08770571803587655,67.67474489795919,1.3606908688371038
TCS,Mar 2023,0.08502167566132886,76.07060333761233,1.5781854835887132
TCS,Mar 2024,0.0886406082507266,82.6426735218509,1.6559406621205455
TCS,TTM,,85.02012578616352,
TECHM,Mar 2013,0.25433099889421307,13.805825242718447,0.765026714158504
TECHM,Mar 2013,0.25433099889421307,13.805825242718447,0.765026714158504
TECHM,Mar 2014,0.03953387061642344,52.15,1.1795483061480552
TECHM,Mar 2014,0.03953387061642344,52.15,1.1795483061480552
TECHM,Mar 2015,0.057152188112344876,60.768115942028984,1.1397118097541314
TECHM,Mar 2015,0.057152188112344876,60.768115942028984,1.1397118097541314
TECHM,Mar 2016,0.07477211979987664,43.91752577319588,1.176204217536071
TECHM,Mar 2016,0.07477211979987664,43.91752577319588,1.176204217536071
TECHM,Mar 2017,0.08310518951146803,32.434108527131784,1.1183559120389914
TECHM,Mar 2017,0.08310518951146803,32.434108527131784,1.1183559120389914
TECHM,Mar 2018,0.12720904314599585,29.074074074074073,1.0112385396470704
TECHM,Mar 2018,0.12720904314599585,29.074074074074073,1.0112385396470704
TECHM,Mar 2019,0.09839783090953907,47.150375939849624,1.0387490282843987
TECHM,Mar 2019,0.09839783090953907,47.150375939849624,1.0387490282843987
TECHM,Mar 2020,0.16824829230275523,28.661458333333332,0.9879414759633421
TECHM,Mar 2020,0.16824829230275523,28.661458333333332,0.9879414759633421
TECHM,Mar 2021,0.11667001809772773,39.05747126436781,0.9558860663602848
TECHM,Mar 2021,0.11667001809772773,39.05747126436781,0.9558860663602848
TECHM,Mar 2022,0.09737409804359146,49.20245398773006,1.0051783141210375
TECHM,Mar 2022,0.09737409804359146,49.20245398773006,1.0051783141210375
TECHM,Mar 2023,0.09812347801174617,23.812883435582823,1.162851594038449
TECHM,Mar 2023,0.09812347801174617,23.812883435582823,1.162851594038449
TECHM,Mar 2024,0.09512917619708275,11.494897959183673,1.2050337203643189
TECHM,Mar 2024,0.09512917619708275,11.494897959183673,1.2050337203643189
TECHM,TTM,,21.09491525423729,
TITAN,Mar 2013,0.0,19.88235294117647,1.720428280081577
TITAN,Mar 2014,0.31985731272294887,12.03448275862069,1.7880870561282933
TITAN,Mar 2015,0.0324254215304799,14.234567901234568,2.030163599182004
TITAN,Mar 2016,0.03222127174222983,22.357142857142858,1.7779880163986124
TITAN,Mar 2017,0.44460193716040636,30.63157894736842,1.5771883920076117
TITAN,Mar 2018,0.33222003929273086,31.0188679245283,1.6930994643419808
TITAN,Mar 2019,0.3942339373970346,37.62264150943396,1.689069171648164
TITAN,Mar 2020,0.5341130604288499,14.837349397590362,1.554341405788541
TITAN,Mar 2021,0.7520341469921302,8.497536945812808,1.3162247628314279
TITAN,Mar 2022,0.782005804579168,15.339449541284404,1.3592127619407213
TITAN,Mar 2023,0.7903974348156274,16.273333333333333,1.5016654330125834
TITAN,Mar 2024,1.653145959757266,8.549273021001616,1.619298190002219
TITAN,TTM,,6.2369047619047615,
TORNTPHARM,Mar 2013,0.4873417721518987,20.5,0.8534505728750333
TORNTPHARM,Mar 2014,0.5948502364687336,16.1864406779661,0.8307447232178415
TORNTPHARM,Mar 2015,1.099959855479727,5.828571428571428,0.5928388746803069
TORNTPHARM,Mar 2016,0.6731539782484258,14.853260869565217,0.7525320729237002
TORNTPHARM,Mar 2017,0.5768788784187543,6.684466019417476,0.6057702322674722
TORNTPHARM,Mar 2018,1.3977936404931863,4.37987012987013,0.4177490697184582
TORNTPHARM,Mar 2019,1.2778835978835978,3.9345238095238093,0.5436831290299724
TORNTPHARM,Mar 2020,1.199004975124378,4.811529933481153,0.5666666666666667
TORNTPHARM,Mar 2021,0.8348749571771155,7.025495750708215,0.5687388987566607
TORNTPHARM,Mar 2022,0.6836888963547791,9.533333333333333,0.6592282659228266
TORNTPHARM,Mar 2023,0.8662471765085511,8.534534534534535,0.6584531143052703
TORNTPHARM,Mar 2024,0.5866394399066511,9.514124293785311,0.7396070320579111
TORNTPHARM,TTM,,13.18840579710145,
TRENT,Mar 2013,0.2786352558895207,0.1724137931034483,0.965142598460842
TRENT,Mar 2014,0.3350151362260343,-0.38461538461538464,1.2050619834710743
TRENT,Mar 2015,0.1877637130801688,4.0,1.0348889895786135
TRENT,Mar 2016,0.273224043715847,1.875,0.7816411682892906
TRENT,Mar 2017,0.25339366515837103,2.9130434782608696,0.8154815481548154
TRENT,Mar 2018,0.245141065830721,4.7272727272727275,0.9233732876712328
TRENT,Mar 2019,0.3001215066828676,4.7254901960784315,1.0277452129738178
TRENT,Mar 2020,0.12562814070351758,2.011406844106464,0.633012529507899
TRENT,Mar 2021,0.1297016861219196,0.4367816091954023,0.453004891684137
TRENT,Mar 2022,1.998730964467005,1.8307692307692307,0.582190007765985
TRENT,Mar 2023,1.7195685670261942,2.7237163814180927,1.0197970799307101
TRENT,Mar 2024,0.4309242871189774,5.355978260869565,1.7278693102485339
TRENT,TTM,,12.010204081632653,
TVSMOTOR,Mar 2013,1.1879866518353726,4.252427184466019,2.2212363206152026
TVSMOTOR,Mar 2014,0.6270456503014643,6.15,2.3083700440528636
TVSMOTOR,Mar 2015,0.8445283018867924,9.758064516129032,2.2442013129102847
TVSMOTOR,Mar 2016,0.59978009895547,11.7,2.210843373493976
TVSMOTOR,Mar 2017,0.591339648173207,14.516666666666667,2.033779373368146
TVSMOTOR,Mar 2018,2.5870052277819267,4.64792899408284,1.238817285822593
TVSMOTOR,Mar 2019,2.9321980447808262,3.262443438914027,1.2074748442740777
TVSMOTOR,Mar 2020,3.5306122448979593,2.647953216374269,0.9780510585305106
TVSMOTOR,Mar 2021,3.182388293702639,2.533484676503973,0.8882231877429683
TVSMOTOR,Mar 2022,3.5970454545454547,2.9308510638297873,0.9047512909097664
TVSMOTOR,Mar 2023,4.064668483197093,2.943713450292398,0.9128907922912206
TVSMOTOR,Mar 2024,3.833431603773585,2.8526970954356847,0.931491528650295
TVSMOTOR,TTM,,2.999031007751938,
INDIGO,Mar 2013,2.5,28.2027027027027,353.96153846153845
INDIGO,Mar 2014,3.1818181818181817,27.324808184143222,317.62857142857143
INDIGO,Mar 2015,0.15151515151515152,30.435443037974682,228.27868852459017
INDIGO,Mar 2016,0.061823802163833076,25.19611650485437,82.34693877551021
INDIGO,Mar 2017,0.5306122448979592,20.73764258555133,75.52845528455285
INDIGO,Mar 2018,0.54,21.109820485744457,82.51254480286738
INDIGO,Mar 2019,0.6821705426356589,21.6211320754717,76.39946380697052
INDIGO,Mar 2020,0.41899441340782123,20.696930111038537,84.72985781990522
INDIGO,Mar 2021,0.015957446808510637,14.12934362934363,18.053020961775587
INDIGO,Mar 2022,0.018461538461538463,34.997241379310346,28.18586956521739
INDIGO,Mar 2023,0.015444015444015444,33.49126484975542,51.26741996233522
INDIGO,Mar 2024,0.018579234972677595,22.60232158211522,56.38625204582652
INDIGO,TTM,,19.96308503625577,
