company_id,year,net_profit_margin_pct,operating_profit_margin_pct,return_on_equity_pct,roce_calculated,debt_to_equity,interest_coverage,asset_turnover,free_cash_flow,cfo_quality_score,capex_intensity,fcf_conversion,capital_allocation_pattern
ABB,Mar 2016,9.755164498852334,13.963274674827849,21.338912133891213,30.543933054393307,0.0,121.66666666666667,1.6175742574257426,172.0,0.9764705882352941,0.3092369477911647,0.6745098039215687,Healthy Growth
ABB,Mar 2016,9.755164498852334,13.963274674827849,21.338912133891213,30.543933054393307,0.0,121.66666666666667,1.6175742574257426,728.0,6.0549019607843135,0.5284974093264249,2.854901960784314,Healthy Growth
ABB,Mar 2017,9.541853255253187,13.709955218739237,19.971160778658977,28.69502523431867,0.0,199.0,1.40513068731849,152.0,1.108303249097473,0.504885993485342,0.5487364620938628,Healthy Growth
ABB,Mar 2017,9.541853255253187,13.709955218739237,19.971160778658977,28.69502523431867,0.0,199.0,1.40513068731849,459.0,7.902527075812275,0.7903152124257652,1.6570397111913358,Healthy Growth
ABB,Mar 2018,12.15888417222559,15.918738629472406,23.685764914353218,31.010041346721795,0.0,131.25,1.365066225165563,-62.0,0.38154613466334164,1.4052287581699345,-0.1546134663341646,Aggressive Expansion
ABB,Mar 2018,12.15888417222559,15.918738629472406,23.685764914353218,31.010041346721795,0.0,131.25,1.365066225165563,-994.0,5.4812967581047385,1.4522292993630572,-2.478802992518703,Aggressive Expansion
ABB,Mar 2019,12.231584669747214,16.444686055993476,22.410358565737052,30.12948207171315,0.0,302.5,1.2509350561033663,242.0,1.1088888888888888,0.5150300601202404,0.5377777777777778,Healthy Growth
ABB,Mar 2019,12.231584669747214,16.444686055993476,22.410358565737052,30.12948207171315,0.0,302.5,1.2509350561033663,-459.0,5.757777777777778,1.17715167888846,-1.02,Aggressive Expansion
ABB,Mar 2020,14.488150500855118,18.49499144881505,24.39325380501851,29.04834996162701,0.07198683669271905,84.11111111111111,1.153932901043135,225.0,1.0556492411467115,0.6405750798722045,0.3794266441821248,Healthy Growth
ABB,Mar 2020,14.488150500855118,18.49499144881505,24.39325380501851,29.04834996162701,0.07198683669271905,84.11111111111111,1.153932901043135,-206.0,9.168634064080944,1.0378885414750783,-0.3473861720067454,Aggressive Expansion
ABB,Mar 2021,16.03248259860789,21.392111368909514,26.5564950038432,33.46642468239565,0.058800922367409685,51.22222222222222,1.1223958333333333,655.0,1.0520984081041969,0.09903713892709766,0.9479015918958031,Healthy Growth
ABB,Mar 2021,16.03248259860789,21.392111368909514,26.5564950038432,33.46642468239565,0.058800922367409685,51.22222222222222,1.1223958333333333,-225.0,5.476121562952243,1.05946088794926,-0.3256150506512301,Aggressive Expansion
ABB,Mar 2022,16.26297577854671,22.023203745165887,28.333333333333332,36.4064602960969,0.05390070921985816,56.94736842105263,1.1631155303030303,552.0,1.1864831038798498,0.4177215189873418,0.690863579474343,Healthy Growth
ABB,Mar 2022,16.26297577854671,22.023203745165887,28.333333333333332,36.4064602960969,0.05390070921985816,56.94736842105263,1.1631155303030303,161.0,5.127659574468085,0.9607029533805224,0.20150187734668334,Healthy Growth
ABB,Mar 2023,17.74163395027108,22.546270330902974,29.767879548306148,36.53438352014541,0.03544542032622334,75.375,1.1740561896400352,745.0,0.9409905163329821,0.16573348264277715,0.7850368809272918,Healthy Growth
ABB,Mar 2023,17.74163395027108,22.546270330902974,29.767879548306148,36.53438352014541,0.03544542032622334,75.375,1.1740561896400352,-922.0,3.9799789251844047,1.2441090812814404,-0.9715489989462592,Aggressive Expansion
ABB,Mar 2024,20.533424517011454,24.84185330825782,32.46823465801568,38.41882601797991,0.022438496891051634,121.08333333333333,1.1263238975544,797.0,1.009991673605329,0.34295136026380874,0.6636136552872606,Healthy Growth
ABB,Mar 2024,20.533424517011454,24.84185330825782,32.46823465801568,38.41882601797991,0.022438496891051634,121.08333333333333,1.1263238975544,1095.0,5.027477102414655,0.8186485591255382,0.9117402164862615,Healthy Growth
AMBUJACEM,Dec 2012,13.252641296543235,25.36670427736178,14.686825053995682,27.921418087388506,0.006820506991019666,31.705128205128204,0.7897124341838802,1472.0,1.4396284829721362,0.2086021505376344,1.1393188854489165,Healthy Growth
APOLLOHOSP,Mar 2013,8.039267710267975,16.23772884054126,11.030214779759739,15.454545454545453,0.4415726246814707,5.941747572815534,0.7829248026589115,-290.0,1.462046204620462,1.654627539503386,-0.9570957095709571,Aggressive Expansion
APOLLOHOSP,Mar 2014,7.229745237548772,15.515262795501492,10.581121934833725,15.64452672992363,0.4514612025529056,5.680672268907563,0.814392523364486,17.0,1.1841269841269841,0.9544235924932976,0.05396825396825397,Healthy Growth
ASIANPAINT,Mar 2013,11.043412033511043,16.536557501904035,34.2789598108747,47.785419532324624,0.0741725768321513,41.357142857142854,1.5483490566037736,724.0,1.0232758620689655,0.3900589721988206,0.6241379310344828,Healthy Growth
ASIANPAINT,Mar 2013,11.043412033511043,16.536557501904035,34.2789598108747,47.785419532324624,0.0741725768321513,41.357142857142854,1.5483490566037736,724.0,1.0232758620689655,0.3900589721988206,0.6241379310344828,Healthy Growth
ASIANPAINT,Mar 2013,11.043412033511043,16.536557501904035,34.2789598108747,47.785419532324624,0.0741725768321513,41.357142857142854,1.5483490566037736,724.0,1.0232758620689655,0.3900589721988206,0.6241379310344828,Healthy Growth
ASIANPAINT,Mar 2013,11.043412033511043,16.536557501904035,34.2789598108747,47.785419532324624,0.0741725768321513,41.357142857142854,1.5483490566037736,724.0,1.0232758620689655,0.3900589721988206,0.6241379310344828,Healthy Growth
ASIANPAINT,Mar 2014,10.335515548281506,16.399345335515548,31.27011636543699,46.73507462686567,0.06164892300074276,41.75,1.513312693498452,816.0,1.110055423594616,0.41797432239657634,0.6460807600950119,Healthy Growth
ASIANPAINT,Mar 2014,10.335515548281506,16.399345335515548,31.27011636543699,46.73507462686567,0.06164892300074276,41.75,1.513312693498452,816.0,1.110055423594616,0.41797432239657634,0.6460807600950119,Healthy Growth
ASIANPAINT,Mar 2014,10.335515548281506,16.399345335515548,31.27011636543699,46.73507462686567,0.06164892300074276,41.75,1.513312693498452,816.0,1.110055423594616,0.41797432239657634,0.6460807600950119,Healthy Growth
ASIANPAINT,Mar 2014,10.335515548281506,16.399345335515548,31.27011636543699,46.73507462686567,0.06164892300074276,41.75,1.513312693498452,816.0,1.110055423594616,0.41797432239657634,0.6460807600950119,Healthy Growth
ASIANPAINT,Mar 2015,10.481087036356959,16.47447668013221,30.09278785322649,43.468992248062015,0.08814846056516237,53.404761904761905,1.5273726722010321,723.0,0.8325157673440785,0.39141414141414144,0.5066573230553609,Healthy Growth
ASIANPAINT,Mar 2015,10.481087036356959,16.47447668013221,30.09278785322649,43.468992248062015,0.08814846056516237,53.404761904761905,1.5273726722010321,723.0,0.8325157673440785,0.39141414141414144,0.5066573230553609,Healthy Growth
ASIANPAINT,Mar 2015,10.481087036356959,16.47447668013221,30.09278785322649,43.468992248062015,0.08814846056516237,53.404761904761905,1.5273726722010321,723.0,0.8325157673440785,0.39141414141414144,0.5066573230553609,Healthy Growth
ASIANPAINT,Mar 2015,10.481087036356959,16.47447668013221,30.09278785322649,43.468992248062015,0.08814846056516237,53.404761904761905,1.5273726722010321,723.0,0.8325157673440785,0.39141414141414144,0.5066573230553609,Healthy Growth
ASIANPAINT,Mar 2016,12.634013033424427,19.09466750753276,27.632183908045977,39.79264018691589,0.04950191570881226,55.61224489795919,1.351548442087319,1377.0,1.2440377149195785,0.3860900579580918,0.7637271214642263,Healthy Growth
ASIANPAINT,Mar 2016,12.634013033424427,19.09466750753276,27.632183908045977,39.79264018691589,0.04950191570881226,55.61224489795919,1.351548442087319,1377.0,1.2440377149195785,0.3860900579580918,0.7637271214642263,Healthy Growth
ASIANPAINT,Mar 2016,12.634013033424427,19.09466750753276,27.632183908045977,39.79264018691589,0.04950191570881226,55.61224489795919,1.351548442087319,1377.0,1.2440377149195785,0.3860900579580918,0.7637271214642263,Healthy Growth
ASIANPAINT,Mar 2016,12.634013033424427,19.09466750753276,27.632183908045977,39.79264018691589,0.04950191570881226,55.61224489795919,1.351548442087319,1377.0,1.2440377149195785,0.3860900579580918,0.7637271214642263,Healthy Growth
ASIANPAINT,Mar 2017,13.384676669764971,19.87783826849024,26.512361914781696,36.67319941205292,0.07364544976328248,80.91891891891892,1.2141878274889157,846.0,0.7574404761904762,0.44597249508840864,0.41964285714285715,Healthy Growth
ASIANPAINT,Mar 2017,13.384676669764971,19.87783826849024,26.512361914781696,36.67319941205292,0.07364544976328248,80.91891891891892,1.2141878274889157,846.0,0.7574404761904762,0.44597249508840864,0.41964285714285715,Healthy Growth
ASIANPAINT,Mar 2017,13.384676669764971,19.87783826849024,26.512361914781696,36.67319941205292,0.07364544976328248,80.91891891891892,1.2141878274889157,846.0,0.7574404761904762,0.44597249508840864,0.41964285714285715,Healthy Growth
ASIANPAINT,Mar 2017,13.384676669764971,19.87783826849024,26.512361914781696,36.67319941205292,0.07364544976328248,80.91891891891892,1.2141878274889157,846.0,0.7574404761904762,0.44597249508840864,0.41964285714285715,Healthy Growth
ASIANPAINT,Mar 2018,12.469539375928678,19.043090638930163,24.94649227110583,35.826903723582696,0.0633769322235434,78.14634146341463,1.2224805638305603,557.0,1.0071496663489037,0.7363937529578798,0.26549094375595805,Healthy Growth
ASIANPAINT,Mar 2018,12.469539375928678,19.043090638930163,24.94649227110583,35.826903723582696,0.0633769322235434,78.14634146341463,1.2224805638305603,557.0,1.0071496663489037,0.7363937529578798,0.26549094375595805,Healthy Growth
ASIANPAINT,Mar 2018,12.469539375928678,19.043090638930163,24.94649227110583,35.826903723582696,0.0633769322235434,78.14634146341463,1.2224805638305603,557.0,1.0071496663489037,0.7363937529578798,0.26549094375595805,Healthy Growth
ASIANPAINT,Mar 2018,12.469539375928678,19.043090638930163,24.94649227110583,35.826903723582696,0.0633769322235434,78.14634146341463,1.2224805638305603,557.0,1.0071496663489037,0.7363937529578798,0.26549094375595805,Healthy Growth
ASIANPAINT,Mar 2019,11.476091476091476,19.56860706860707,23.3132720937599,34.89018626633305,0.13937282229965156,34.22727272727273,1.1840728660225244,1552.0,1.118659420289855,0.37165991902834006,0.7028985507246377,Healthy Growth
ASIANPAINT,Mar 2019,11.476091476091476,19.56860706860707,23.3132720937599,34.89018626633305,0.13937282229965156,34.22727272727273,1.1840728660225244,1552.0,1.118659420289855,0.37165991902834006,0.7028985507246377,Healthy Growth
ASIANPAINT,Mar 2019,11.476091476091476,19.56860706860707,23.3132720937599,34.89018626633305,0.13937282229965156,34.22727272727273,1.1840728660225244,1552.0,1.118659420289855,0.37165991902834006,0.7028985507246377,Healthy Growth
ASIANPAINT,Mar 2019,11.476091476091476,19.56860706860707,23.3132720937599,34.89018626633305,0.13937282229965156,34.22727272727273,1.1840728660225244,1552.0,1.118659420289855,0.37165991902834006,0.7028985507246377,Healthy Growth
ASIANPAINT,Mar 2020,13.725199148978279,20.568007520657066,27.38400789733465,36.9576813655761,0.11036525172754195,40.754901960784316,1.2523856735654977,2520.0,1.0951694304253785,0.17050691244239632,0.9084354722422494,Healthy Growth
ASIANPAINT,Mar 2020,13.725199148978279,20.568007520657066,27.38400789733465,36.9576813655761,0.11036525172754195,40.754901960784316,1.2523856735654977,2520.0,1.0951694304253785,0.17050691244239632,0.9084354722422494,Healthy Growth
ASIANPAINT,Mar 2020,13.725199148978279,20.568007520657066,27.38400789733465,36.9576813655761,0.11036525172754195,40.754901960784316,1.2523856735654977,2520.0,1.0951694304253785,0.17050691244239632,0.9084354722422494,Healthy Growth
ASIANPAINT,Mar 2020,13.725199148978279,20.568007520657066,27.38400789733465,36.9576813655761,0.11036525172754195,40.754901960784316,1.2523856735654977,2520.0,1.0951694304253785,0.17050691244239632,0.9084354722422494,Healthy Growth
ASIANPAINT,Mar 2021,14.769953484087875,22.36448210749321,25.042948617835393,34.93776530685661,0.0853506168983289,52.78260869565217,1.0667157946450503,3142.0,1.1484253196133458,0.14689112136844965,0.9797318366074212,Healthy Growth
ASIANPAINT,Mar 2021,14.769953484087875,22.36448210749321,25.042948617835393,34.93776530685661,0.0853506168983289,52.78260869565217,1.0667157946450503,3142.0,1.1484253196133458,0.14689112136844965,0.9797318366074212,Healthy Growth
ASIANPAINT,Mar 2021,14.769953484087875,22.36448210749321,25.042948617835393,34.93776530685661,0.0853506168983289,52.78260869565217,1.0667157946450503,3142.0,1.1484253196133458,0.14689112136844965,0.9797318366074212,Healthy Growth
ASIANPAINT,Mar 2021,14.769953484087875,22.36448210749321,25.042948617835393,34.93776530685661,0.0853506168983289,52.78260869565217,1.0667157946450503,3142.0,1.1484253196133458,0.14689112136844965,0.9797318366074212,Healthy Growth
ASIANPAINT,Mar 2022,10.60101027456101,16.50802377925157,22.335650159281784,31.19683096304955,0.11490008688097307,50.56842105263158,1.2675755727850857,669.0,0.3196110210696921,0.32150101419878296,0.21685575364667747,Healthy Growth
ASIANPAINT,Mar 2022,10.60101027456101,16.50802377925157,22.335650159281784,31.19683096304955,0.11490008688097307,50.56842105263158,1.2675755727850857,669.0,0.3196110210696921,0.32150101419878296,0.21685575364667747,Healthy Growth
ASIANPAINT,Mar 2022,10.60101027456101,16.50802377925157,22.335650159281784,31.19683096304955,0.11490008688097307,50.56842105263158,1.2675755727850857,669.0,0.3196110210696921,0.32150101419878296,0.21685575364667747,Healthy Growth
ASIANPAINT,Mar 2022,10.60101027456101,16.50802377925157,22.335650159281784,31.19683096304955,0.11490008688097307,50.56842105263158,1.2675755727850857,669.0,0.3196110210696921,0.32150101419878296,0.21685575364667747,Healthy Growth
ASIANPAINT,Mar 2023,12.163298442981821,18.150714720635566,26.231865932966482,34.92329149232915,0.12087293646823412,43.47222222222222,1.3378719112455875,2911.0,0.999523241954708,0.3057476746959218,0.6939213349225268,Healthy Growth
ASIANPAINT,Mar 2023,12.163298442981821,18.150714720635566,26.231865932966482,34.92329149232915,0.12087293646823412,43.47222222222222,1.3378719112455875,2911.0,0.999523241954708,0.3057476746959218,0.6939213349225268,Healthy Growth
ASIANPAINT,Mar 2023,12.163298442981821,18.150714720635566,26.231865932966482,34.92329149232915,0.12087293646823412,43.47222222222222,1.3378719112455875,2911.0,0.999523241954708,0.3057476746959218,0.6939213349225268,Healthy Growth
ASIANPAINT,Mar 2023,12.163298442981821,18.150714720635566,26.231865932966482,34.92329149232915,0.12087293646823412,43.47222222222222,1.3378719112455875,2911.0,0.999523241954708,0.3057476746959218,0.6939213349225268,Healthy Growth
ASIANPAINT,Mar 2024,15.658543456824905,21.3692069305536,29.677488252883382,35.774926893689276,0.1321016659547202,37.0,1.187084044011906,3556.0,1.0982367758186398,0.41743119266055045,0.6397984886649875,Healthy Growth
ASIANPAINT,Mar 2024,15.658543456824905,21.3692069305536,29.677488252883382,35.774926893689276,0.1321016659547202,37.0,1.187084044011906,3556.0,1.0982367758186398,0.41743119266055045,0.6397984886649875,Healthy Growth
ASIANPAINT,Mar 2024,15.658543456824905,21.3692069305536,29.677488252883382,35.774926893689276,0.1321016659547202,37.0,1.187084044011906,3556.0,1.0982367758186398,0.41743119266055045,0.6397984886649875,Healthy Growth
ASIANPAINT,Mar 2024,15.658543456824905,21.3692069305536,29.677488252883382,35.774926893689276,0.1321016659547202,37.0,1.187084044011906,3556.0,1.0982367758186398,0.41743119266055045,0.6397984886649875,Healthy Growth
ATGL,Mar 2019,13.321698662012798,26.46887725421757,20.780399274047188,30.414438502673796,0.35753176043557167,5.055555555555555,0.83935546875,,,,,
ATGL,Mar 2020,23.253333333333334,31.733333333333334,29.63970088375255,31.332280147446024,0.2909585316111489,14.512195121951219,0.7572697899838449,,,,,
ATGL,Mar 2023,12.47144814984011,19.872087711283694,18.56511390683441,19.94040797616319,0.48350901054063244,11.153846153846153,0.7755535872453498,,,,,
BAJAJ-AUTO,Mar 2013,15.645443196004994,18.257178526841447,38.84686918784873,44.688913335778025,0.014383137011779294,3656.0,1.5840056953013764,824.0,0.7079476540057453,0.6284941388638413,0.26300670284072775,Healthy Growth
BAJAJ-AUTO,Mar 2013,15.645443196004994,18.257178526841447,38.84686918784873,44.688913335778025,0.014383137011779294,3656.0,1.5840056953013764,824.0,0.7079476540057453,0.6284941388638413,0.26300670284072775,Healthy Growth
BAJAJ-AUTO,Mar 2014,16.785022595222724,20.673387297015445,33.24481164551982,40.70995501662429,0.0058030884233303826,4163.0,1.3154559707342566,1430.0,1.036094674556213,0.5916619074814392,0.4230769230769231,Healthy Growth
BAJAJ-AUTO,Mar 2014,16.785022595222724,20.673387297015445,33.24481164551982,40.70995501662429,0.0058030884233303826,4163.0,1.3154559707342566,1430.0,1.036094674556213,0.5916619074814392,0.4230769230769231,Healthy Growth
BAJAJ-AUTO,Mar 2015,14.012502894188469,19.115536003704563,27.273546642631818,36.834121531185865,0.010094637223974764,688.0,1.3525616935988976,1734.0,0.6986120290812955,0.17975402081362346,0.5730337078651685,Healthy Growth
BAJAJ-AUTO,Mar 2015,14.012502894188469,19.115536003704563,27.273546642631818,36.834121531185865,0.010094637223974764,688.0,1.3525616935988976,1734.0,0.6986120290812955,0.17975402081362346,0.5730337078651685,Healthy Growth
BAJAJ-AUTO,Mar 2016,17.989722689820148,21.23239124656685,28.96576319543509,33.901541943697836,0.008416547788873038,4793.0,1.3093967517401393,3622.0,0.9086431913321842,0.01842818428184282,0.8918985471558729,Healthy Growth
BAJAJ-AUTO,Mar 2016,17.989722689820148,21.23239124656685,28.96576319543509,33.901541943697836,0.008416547788873038,4793.0,1.3093967517401393,3622.0,0.9086431913321842,0.01842818428184282,0.8918985471558729,Healthy Growth
BAJAJ-AUTO,Mar 2017,18.7497127097219,20.358538267065043,22.843862007168457,24.638406764574988,0.006720430107526882,4429.0,1.0054071540807838,-343.0,0.8009316008825692,1.1049892868074687,-0.08408923755822506,Aggressive Expansion
BAJAJ-AUTO,Mar 2017,18.7497127097219,20.358538267065043,22.843862007168457,24.638406764574988,0.006720430107526882,4429.0,1.0054071540807838,-343.0,0.8009316008825692,1.1049892868074687,-0.08408923755822506,Aggressive Expansion
BAJAJ-AUTO,Mar 2018,16.735422451408173,19.22253074176914,20.656058751529986,23.586099484084492,0.005924112607099143,4846.0,1.0027445209021122,2374.0,1.0258355060440862,0.45147874306839186,0.5626925811803745,Healthy Growth
BAJAJ-AUTO,Mar 2018,16.735422451408173,19.22253074176914,20.656058751529986,23.586099484084492,0.005924112607099143,4846.0,1.0027445209021122,2374.0,1.0258355060440862,0.45147874306839186,0.5626925811803745,Healthy Growth
BAJAJ-AUTO,Mar 2019,16.2329534224916,17.12234007510376,21.211208195239532,22.25361760424694,0.005380278052769767,1299.5,1.0528542692654506,2214.0,0.5046672077922078,0.1097708082026538,0.4492694805194805,Healthy Growth
BAJAJ-AUTO,Mar 2019,16.2329534224916,17.12234007510376,21.211208195239532,22.25361760424694,0.005380278052769767,1299.5,1.0528542692654506,2214.0,0.5046672077922078,0.1097708082026538,0.4492694805194805,Healthy Growth
BAJAJ-AUTO,Mar 2020,17.42036832781844,17.076105484808984,24.06056689133044,23.448687350835325,0.005816637429600221,1703.0,1.1285929837797057,2084.0,0.7386799693016116,0.4587012987012987,0.39984650805832694,Healthy Growth
BAJAJ-AUTO,Mar 2020,17.42036832781844,17.076105484808984,24.06056689133044,23.448687350835325,0.005816637429600221,1703.0,1.1285929837797057,2084.0,0.7386799693016116,0.4587012987012987,0.39984650805832694,Healthy Growth
BAJAJ-AUTO,Mar 2021,17.508381096571863,17.800367686817346,17.808821911780882,18.025845075563993,0.0044366223004436624,705.4285714285714,0.8255758585798464,251.0,0.6423718344657195,0.919551282051282,0.05167799052913321,Healthy Growth
BAJAJ-AUTO,Mar 2021,17.508381096571863,17.800367686817346,17.808821911780882,18.025845075563993,0.0044366223004436624,705.4285714285714,0.8255758585798464,251.0,0.6423718344657195,0.919551282051282,0.05167799052913321,Healthy Growth
BAJAJ-AUTO,Mar 2022,18.60310755770101,15.866646553024587,20.650390167118793,17.540524314588755,0.004119360996684417,584.3333333333334,0.9440061519182023,3921.0,0.6806681803438209,0.06576125804145819,0.6359065844956211,Healthy Growth
BAJAJ-AUTO,Mar 2022,18.60310755770101,15.866646553024587,20.650390167118793,17.540524314588755,0.004119360996684417,584.3333333333334,0.9440061519182023,3921.0,0.6806681803438209,0.06576125804145819,0.6359065844956211,Healthy Growth
BAJAJ-AUTO,Mar 2023,16.62323412426279,17.734192840488273,20.638921054424088,21.925659635081054,0.004223145562291397,161.625,1.037539845173042,4066.0,0.8707920792079208,0.2294864506348304,0.670957095709571,Healthy Growth
BAJAJ-AUTO,Mar 2023,16.62323412426279,17.734192840488273,20.638921054424088,21.925659635081054,0.004223145562291397,161.625,1.037539845173042,4066.0,0.8707920792079208,0.2294864506348304,0.670957095709571,Healthy Growth
BAJAJ-AUTO,Mar 2024,17.178515712057056,19.534209939826162,26.61418410330778,28.389583468290468,0.06601754022512257,146.08333333333334,1.1404534363562424,6486.0,0.8508043591074209,0.010978956999085087,0.8414634146341463,Healthy Growth
BAJAJ-AUTO,Mar 2024,17.178515712057056,19.534209939826162,26.61418410330778,28.389583468290468,0.06601754022512257,146.08333333333334,1.1404534363562424,6486.0,0.8508043591074209,0.010978956999085087,0.8414634146341463,Healthy Growth
BOSCHLTD,Dec 2012,11.063633213996997,15.59071486314817,17.19002332675399,23.263829053937616,0.041270410909743406,225.0,1.0957985320172108,47.0,0.9091858037578288,0.9460390355912744,0.049060542797494784,Healthy Growth
BOSCHLTD,Mar 2015,11.070660268078768,16.390865464173423,18.211514904042467,26.562080986859748,0.015108207431604737,141.5,1.1586616815262198,213.0,1.0433482810164425,0.8474212034383954,0.1591928251121076,Healthy Growth
BOSCHLTD,Mar 2016,15.781878156891041,19.3588289867024,16.056633455689564,19.593114241001565,0.005243838489774515,144.46153846153845,0.7802622054210568,323.0,0.8608752449379491,0.7549317147192717,0.21097322011757022,Healthy Growth
BOSCHLTD,Mar 2017,16.684235745088642,18.811691423095354,19.786339356745085,22.309353335606318,0.0,72.70370370370371,0.8843220338983051,211.0,0.8368753589890867,0.8551818805765271,0.12119471568064331,Healthy Growth
BOSCHLTD,Mar 2018,11.72797262617622,17.904191616766468,13.736098587315901,20.96984270113215,0.0,697.6666666666666,0.8393767501974582,559.0,1.261123267687819,0.6766917293233082,0.4077315827862874,Healthy Growth
BOSCHLTD,Mar 2019,13.223003723624327,17.823748448489862,17.508491289580366,23.60030678207516,0.0,165.69230769230768,0.9508261211644374,-1173.0,0.3710888610763454,2.9780775716694774,-0.7340425531914894,Aggressive Expansion
BOSCHLTD,Mar 2022,10.329315905618742,12.408759124087592,11.386601796407184,13.58609794628752,0.0068300898203592815,50.41379310344828,0.764568462037638,238.0,0.22267871815940837,0.12177121771217712,0.19556285949055052,Healthy Growth
BOSCHLTD,Mar 2023,9.538482148837831,12.124053854913257,12.930173431399256,16.35640701247063,0.004812494324888767,150.83333333333334,0.9181991512393136,952.0,0.8525280898876404,0.2158154859967051,0.6685393258426966,Healthy Growth
BOSCHLTD,Mar 2024,14.886112273569676,12.524660728164047,20.639920424403183,17.30975791126167,0.003232758620689655,41.07843137254902,0.9638144626908672,970.0,0.5032128514056224,0.22585794094173983,0.3895582329317269,Healthy Growth
BRITANNIA,Mar 2014,5.713872414291914,9.069868363951974,49.49874686716792,66.13924050632912,0.18796992481203006,78.375,3.280968201233982,425.0,1.6987341772151898,0.36661698956780925,1.0759493670886076,Healthy Growth
BRITANNIA,Mar 2015,8.768134385339781,11.071519470603207,55.34136546184739,62.589928057553955,0.11646586345381527,217.5,2.8134622269960614,134.0,0.8476052249637155,0.7705479452054794,0.19448476052249636,Healthy Growth
BRITANNIA,Mar 2016,9.824937477670597,14.576634512325832,39.4359464627151,55.06072874493927,0.06261950286806883,244.8,2.403262736119061,254.0,1.1624242424242424,0.735140771637122,0.30787878787878786,Healthy Growth
BRITANNIA,Mar 2017,9.774685222001326,14.115308151093439,32.826409495548965,45.30308401276143,0.046364985163204746,255.6,2.2034558286687758,291.0,0.49830508474576274,0.3401360544217687,0.3288135593220339,Healthy Growth
BRITANNIA,Mar 2018,10.127092999798265,15.14020576961872,29.47739283617146,41.613529248683115,0.05901350557839107,187.625,1.9109483423284503,292.0,1.2440239043824701,0.7662129703763011,0.2908366533864542,Healthy Growth
BRITANNIA,Mar 2019,10.44776119402985,15.66711895070104,27.157300728897248,39.283284191426624,0.03667999059487421,192.44444444444446,1.7722026290477717,304.0,1.000865800865801,0.7370242214532872,0.2632034632034632,Healthy Growth
BRITANNIA,Mar 2020,12.017241379310345,15.887931034482758,31.66023166023166,31.021713516243054,0.3493072904837611,23.935064935064936,1.4814814814814814,-41.0,1.0652797704447632,1.0276094276094276,-0.029411764705882353,Aggressive Expansion
CIPLA,Mar 2014,13.80123857269242,2147.0,13.968759327430105,71.03283476413841,0.1241667495771565,31.97609561752988,0.7591791044776119,298.0,1.1132478632478633,0.8093410108765196,0.21225071225071226,Healthy Growth
CIPLA,Mar 2021,12.468684759916492,4252.0,13.036123540325221,73.28908554572271,0.10989850485648806,56.04135338345865,0.7708710521021928,1381.0,1.571787358727501,0.6322237017310253,0.5780661364587694,Healthy Growth
CIPLA,Mar 2022,11.703349722005237,4553.0,12.221102634230602,78.59980819290314,0.05066935367784655,173.84848484848484,0.8103287783445656,1468.0,1.3058500196309384,0.5586289837642814,0.5763643502159403,Healthy Growth
CIPLA,Mar 2023,12.45110534874522,5027.0,12.103216986371597,73.21767864518793,0.03430597684453369,60.49829351535836,0.7765529010238907,862.0,1.1429579950582422,0.7337862878319951,0.3042710907165549,Healthy Growth
CIPLA,Mar 2024,16.11701714906495,6291.0,15.554557028383135,71.45791307537137,0.020931625851868495,35.29528985507246,0.7922417237881536,1152.0,0.9951853635050554,0.7213352685050798,0.2773230621088108,Healthy Growth
DABUR,Mar 2014,12.978180787758573,16.463587418532164,34.48795180722892,34.54221165279429,0.26656626506024095,21.51851851851852,1.3286897590361446,994.0,1.1986899563318778,0.0947176684881603,1.0851528384279476,Healthy Growth
DABUR,Mar 2015,13.701090442591404,16.93393200769724,31.84257602862254,32.28962818003914,0.21884317233154443,33.0,1.2766131673763512,171.0,0.9803370786516854,0.836676217765043,0.1601123595505618,Healthy Growth
DABUR,Mar 2016,16.118251928020566,19.511568123393317,30.064732678014867,30.5064308681672,0.19299928074802206,31.625,1.122331217541835,457.0,0.9465709728867624,0.6149957877000842,0.36443381180223283,Healthy Growth
DABUR,Mar 2017,16.811137378513266,19.858156028368796,26.408087476789767,25.97045688766747,0.20115535382710956,28.0,0.9847387480600104,420.0,0.95859375,0.6577017114914425,0.328125,Healthy Growth
DABUR,Mar 2018,17.586117586117584,20.94017094017094,23.79950928846828,24.337748344370862,0.16438836312653346,30.50943396226415,0.8873822109859802,551.0,0.8041237113402062,0.49542124542124544,0.4057437407952872,Healthy Growth
DABUR,Mar 2019,16.981796829125074,20.434527304756312,25.67471590909091,27.483809824672246,0.12411221590909091,29.0,1.0092449922958397,1161.0,1.0366528354080222,0.22548365577051369,0.8029045643153527,Healthy Growth
DABUR,Mar 2020,16.672423719055843,20.63327576280944,21.91946715107478,25.140291806958476,0.07901907356948229,35.84,0.9301702902431188,1097.0,1.1146408839779005,0.32032218091697645,0.7575966850828729,Healthy Growth
DABUR,Mar 2021,17.72641706755909,20.937042459736457,22.116388308977037,24.49528936742934,0.06641440501043841,64.58064516129032,0.8826733130250162,711.0,1.247787610619469,0.6638297872340425,0.4194690265486726,Healthy Growth
DABUR,Mar 2022,15.997795940857745,20.681421618146754,20.782629444046766,23.926901827454312,0.12288236697685516,57.743589743589745,0.8864376424617388,529.0,1.034443168771527,0.7064372918978913,0.3036739380022962,Healthy Growth
DABUR,Mar 2023,14.752818733738074,18.751084128360798,18.956870611835505,21.306790184290925,0.13083695531037556,27.71794871794872,0.8445648989159098,905.0,0.8747795414462081,0.3918010752688172,0.5320399764844209,Healthy Growth
DABUR,Mar 2024,14.600128990648178,19.348597226701063,18.355969997972835,21.369423915946932,0.13835394283397526,19.35483870967742,0.8205874569992061,1042.0,1.1115405853119824,0.4823646299056135,0.5753727222528989,Healthy Growth
DIVISLAB,Mar 2016,29.81991525423729,37.6853813559322,26.22874446773818,32.825836216839676,0.009783368273934312,284.6,0.7709269089424254,632.0,0.9218472468916519,0.3911368015414258,0.5612788632326821,Healthy Growth
DMART,Mar 2017,4.025886703647672,8.144225920322743,12.467464862051015,18.14946619217082,0.3896408120770432,7.942622950819672,2.044681216703901,-2027.0,0.9498956158663883,5.454945054945055,-4.231732776617954,Aggressive Expansion
DMART,Mar 2018,5.361537949843678,9.000199560965875,17.262797172842152,26.487862176977288,0.09402441636324695,22.55,2.6616501416430594,266.0,0.9057071960297767,0.6356164383561644,0.33002481389578164,Healthy Growth
DMART,Mar 2019,4.508872781804548,8.162959260184955,16.144621442634687,25.974232543343405,0.12529085376767496,34.744680851063826,2.8554096488723952,-151.0,0.8946784922394678,1.1871127633209417,-0.1674057649667406,Aggressive Expansion
DMART,Mar 2020,5.231202251708886,8.556493767591476,11.74187725631769,18.645404363445195,0.030054151624548737,30.840579710144926,2.0594567737661476,-3377.0,0.9838585703305149,3.63828125,-2.595695618754804,Aggressive Expansion
DMART,Mar 2021,4.5520440707451435,7.227767883030278,9.020026263952726,13.874532877474754,0.032255416940249505,41.54761904761905,1.7680703039179788,265.0,1.2511373976342128,0.8072727272727273,0.2411282984531392,Healthy Growth
DMART,Mar 2022,4.8166322314049586,8.077221074380166,10.908027489399034,17.465968586387433,0.04730223716917678,46.333333333333336,2.0021976601383233,83.0,0.9195710455764075,0.9395043731778425,0.05563002680965148,Healthy Growth
DMART,Mar 2023,5.550887021475257,8.494397759103641,14.790396815524318,21.763052449016207,0.039992536385122526,54.3134328358209,2.3661971830985915,317.0,1.1059714045416316,0.879467680608365,0.13330529857022708,Healthy Growth
DMART,Mar 2024,4.993207190533383,8.084427730414067,13.56294790886726,21.28564022809746,0.031661140228901485,70.79310344827586,2.398875873795579,278.0,1.082807570977918,0.898761835396941,0.10962145110410094,Healthy Growth
DRREDDY,Mar 2015,15.549490780802769,23.35086201158224,23.708515173043743,24.761770311286792,0.4378361920227342,32.48148148148148,0.8139459283740587,154.0,1.0804794520547945,0.938985736925515,0.06592465753424658,Healthy Growth
DRREDDY,Mar 2016,13.688335046248715,23.028006166495373,16.95441164770467,22.51742980968532,0.2666878828864667,43.19277108433735,0.7657648794884407,1653.0,1.5312060065696855,0.4934109714986209,0.7756921633036133,Healthy Growth
DRREDDY,Mar 2020,11.565907404235885,14.140549180795798,12.988012052054618,13.908697849401989,0.14167574844541317,25.275510204081634,0.7542953106833742,2489.0,1.472852912142152,0.16588471849865952,1.2285291214215202,Healthy Growth
DRREDDY,Mar 2023,18.269152817186868,26.22618565058776,19.35497723954307,26.265578695246216,0.05784591600103066,45.24475524475525,0.7659349871154025,1779.0,1.3064122476148214,0.697860054347826,0.3947193254936765,Healthy Growth
EICHERMOT,Dec 2012,7.433489827856025,8.607198748043817,27.065527065527068,30.93363329583802,0.013105413105413105,137.5,1.4292104674569448,-277.0,1.0442105263157895,1.5584677419354838,-0.5831578947368421,Aggressive Expansion
EICHERMOT,Dec 2013,7.709251101321586,10.499265785609397,25.547445255474454,33.42683496961197,0.040875912408759124,89.375,1.2759977515458123,-74.0,1.3638095238095238,1.1033519553072626,-0.14095238095238094,Aggressive Expansion
EICHERMOT,Dec 2014,8.033875028610666,12.794689860379949,27.90143084260731,43.43434343434344,0.023052464228934817,111.8,1.3646728096204903,-167.0,1.4914529914529915,1.1595033428844317,-0.2378917378917379,Aggressive Expansion
EICHERMOT,Mar 2016,21.675036449052325,27.37728819050705,36.627429509991785,45.97388465723613,0.006296194908294552,845.0,1.2498481473982588,462.0,1.093423019431988,0.6842105263157895,0.3452914798206278,Healthy Growth
EICHERMOT,Mar 2017,23.702545144319636,30.911417602729983,31.18802619270346,39.83873923401136,0.02095416276894294,543.5,1.003424168925667,-36.0,1.0245950809838031,1.0210772833723654,-0.021595680863827234,Aggressive Expansion
EICHERMOT,Mar 2018,21.862799776910204,31.3329615170106,27.880512091038405,39.117114607993315,0.021479374110953058,561.8,0.9415038857382902,337.0,1.2663265306122449,0.8642224012892828,0.1719387755102041,Healthy Growth
EICHERMOT,Mar 2019,22.486475451668877,29.641727059303868,24.702848172235928,31.89456342668863,0.020968827091276072,414.85714285714283,0.8603670852726794,915.0,0.7149341806627326,0.41904761904761906,0.41534271448025417,Healthy Growth
EICHERMOT,Mar 2023,20.177260767206757,23.8609610857222,19.43962641761174,22.555308286424925,0.019212808539026016,123.07142857142857,0.7522658610271903,426.0,0.9687714481811942,0.8490967056323061,0.14619080301990392,Healthy Growth
GAIL,Mar 2016,3.6001767429350853,8.71419514725376,5.147927368623465,9.97910020899791,0.24866082465730846,5.518248175182482,0.8813131740683676,3056.0,2.113127001067236,0.22828282828282828,1.6307363927427962,Healthy Growth
GAIL,Mar 2017,6.949250288350635,12.40113692535838,8.584149599287622,13.129661127829387,0.16672179112072255,11.829076620825147,0.8329244651833044,5690.0,1.7854179016004743,0.05544488711819389,1.6864256075874333,Healthy Growth
GAIL,Mar 2018,8.817160892542573,14.31664709336465,11.528587538088725,17.126550323784436,0.09299647304397898,26.447457627118645,0.8882369240297948,6109.0,1.8249739854318419,0.30334131599954384,1.2713839750260145,Healthy Growth
GAIL,Mar 2019,8.600866255414097,13.04370652316577,14.244413529258326,20.606286804346023,0.04834362229371359,62.503144654088054,1.1134656417151376,2283.0,1.2183732641538227,0.7140531062124249,0.34839005035861437,Healthy Growth
GAIL,Mar 2020,13.120880333158663,12.44104911883946,19.31273849151579,16.059095763616945,0.14029390273605585,29.197411003236247,0.9677582939653562,46.0,0.8770362585391487,0.9944877171959257,0.0048344718864950075,Healthy Growth
GAIL,Mar 2022,13.262908267758974,16.342567640400993,19.19081635836167,20.67503068321287,0.14374395607823565,75.05445544554455,0.9605110577321295,3930.0,0.7656046814044213,0.5828025477707006,0.319408322496749,Healthy Growth
GAIL,Mar 2023,3.841612433753467,5.14869429112777,8.61891046868021,9.064210869801675,0.274400480539683,20.54794520547945,1.3512174759983304,-4248.0,0.5727305218012866,2.3254290171606864,-0.7591136526090064,Aggressive Expansion
GAIL,Mar 2024,7.433122166511544,10.743987750322754,12.861540060002339,14.489174115050965,0.28304998896060884,19.908205841446453,1.0680883472962681,4360.0,1.270928001615672,0.6535833465755602,0.4402706250631122,Healthy Growth
GODREJCP,Mar 2021,15.604315894460061,21.751745398494876,18.23286365081047,21.224453684862425,0.1974785464561924,17.384057971014492,0.7742909295141814,1738.0,1.179546775130738,0.1438423645320197,1.0098779779198142,Healthy Growth
GODREJCP,Mar 2022,14.524275008145976,19.623655913978492,15.429214260989962,18.167420814479637,0.1474558670820353,19.74590163934426,0.7633378932968536,607.0,0.8137969713965227,0.5816678152997933,0.340437464946719,Healthy Growth
GODREJCP,Mar 2023,12.781616100931211,18.34635025533193,12.338697984630999,16.369606003752345,0.08191967522111063,12.99468085106383,0.7636634742214831,397.0,1.263807285546416,0.8154346815434682,0.23325499412455933,Healthy Growth
GODREJCP,Mar 2024,-3.9798524404086266,20.977582292849036,-4.45308779171297,18.691529709228824,0.2557548817272583,9.538709677419355,0.7664201826881253,-1365.0,-3.6898395721925135,1.6594202898550725,2.4331550802139037,Aggressive Expansion
HAL,Mar 2016,11.92266380236305,14.786967418546364,1664.9999999999998,1795.6521739130433,0.15,413.0,95.2159090909091,,,,,
HAL,Mar 2017,14.573816155988858,18.027855153203344,1966.9172932330828,2397.037037037037,0.015037593984962405,202.25,105.58823529411765,-3444.0,-0.16169724770642202,-7.141843971631205,-1.31651376146789,Cash Burn
HAL,Mar 2018,10.729521032453155,18.683514228630056,1528.4615384615386,2601.503759398496,0.023076923076923078,98.85714285714286,111.56024096385542,-1328.0,-0.36940110719677904,-0.8092643051771117,-0.6683442375440363,Cash Burn
HAL,Mar 2019,11.72530987604958,22.835865653738505,1763.9097744360904,3240.425531914894,0.06015037593984962,25.8135593220339,114.33142857142857,-12986.0,-3.279624893435635,-0.6878086820899402,-5.53537936913896,Cash Burn
HAL,Mar 2020,13.252506411750991,22.75588715318256,2059.4202898550725,3485.7142857142853,0.014492753623188406,13.593314763231199,123.95953757225433,203.0,0.5408163265306123,0.8679245283018868,0.07142857142857142,Healthy Growth
HAL,Mar 2021,14.155231186085132,23.341491128397866,2249.3055555555557,3560.666666666667,0.041666666666666664,20.00374531835206,123.02150537634408,13934.0,4.669342389626428,0.0786828881248347,4.301945044766903,Healthy Growth
HAL,Mar 2022,20.65800162469537,22.014622258326565,3324.183006535948,3284.848484848485,0.0784313725490196,83.38461538461539,121.88118811881188,-2609.0,2.0015729453401496,1.256286836935167,-0.5129767990562328,Aggressive Expansion
HAL,Mar 2023,21.57976827094474,24.766042780748663,3283.050847457627,2977.2321428571427,0.2655367231638418,104.203125,99.36531365313652,3102.0,1.5205644467389434,0.648936170212766,0.5338151781104801,Healthy Growth
HAVELLS,Mar 2015,4.546528105810109,8.915918752952292,21.177117711771174,33.675289919714544,0.23322332233223322,7.864583333333333,1.7685881370091896,478.0,2.501298701298701,0.5036344755970924,1.2415584415584415,Healthy Growth
HAVELLS,Mar 2016,17.118777982617857,10.481959441664472,42.94681202510737,25.18190446061373,0.04426825239511067,8.747252747252746,1.7310234784590837,392.0,0.3946153846153846,0.23586744639376217,0.30153846153846153,Healthy Growth
HAVELLS,Mar 2017,8.05872756933116,13.295269168026099,15.079365079365079,23.392652123995408,0.06349206349206349,62.69230769230769,1.1861455108359134,547.0,1.5526315789473684,0.28683181225554105,1.1072874493927125,Healthy Growth
HAVELLS,Mar 2018,8.144406111384919,12.727944800394283,17.721179624664877,26.86605981794538,0.030831099195710455,41.32,1.2282082324455206,154.0,1.6641452344931922,0.86,0.2329803328290469,Healthy Growth
HAVELLS,Mar 2019,7.822892881961679,11.803832026208678,18.770843258694615,27.7027027027027,0.022391615054787994,74.3125,1.409205372132065,316.0,0.6357868020304569,0.36926147704590817,0.4010152284263959,Healthy Growth
HAVELLS,Mar 2020,7.786016949152542,11.302966101694915,17.045454545454543,24.338503649635037,0.016697588126159554,20.92156862745098,1.3346529054149583,279.0,1.125170068027211,0.6626360338573156,0.3795918367346939,Healthy Growth
HAVELLS,Mar 2021,9.983742947308023,15.195562780912308,20.166119374154917,27.88697788697789,0.10063743480780375,17.655555555555555,1.1813149570718482,-103.0,0.632183908045977,1.156060606060606,-0.09865900383141762,Aggressive Expansion
HAVELLS,Mar 2022,8.58085808580858,12.73496914908882,19.923371647509576,26.81673968877474,0.10261535898717308,26.492537313432837,1.324527226076214,969.0,1.4448160535117056,0.4392361111111111,0.810200668896321,Healthy Growth
HAVELLS,Mar 2023,6.3390692448702035,9.58547690852108,16.178690009055238,23.66768871368083,0.03365529731361304,29.472727272727273,1.5157300349556333,534.0,0.5270522388059702,0.05486725663716814,0.498134328358209,Healthy Growth
HAVELLS,Mar 2024,6.837009144701453,10.118343195266272,17.067275412917954,24.270967741935483,0.040687525177924,22.392857142857142,1.4952143489101584,335.0,1.5365853658536586,0.8284690220174091,0.26357199055861524,Healthy Growth
HCLTECH,Jun 2013,15.792971345920801,22.203979516047063,30.689759951382555,39.97747747747748,0.07930720145852324,53.58490566037736,1.1420599133889906,2131.0,1.111881188118812,0.5256010685663401,0.5274752475247525,Healthy Growth
HCLTECH,Jun 2014,20.3086112493778,24.99688899950224,33.39130434782609,39.06553870089459,0.05207161125319693,70.48245614035088,1.0721814543028685,1615.0,0.9891237745098039,0.7498838469877652,0.24739583333333334,Healthy Growth
HCLTECH,Jun 2015,20.004904498515028,23.121985776954308,30.30878467635403,34.11868768092634,0.026750330250990752,93.25274725274726,1.0413108242303872,3451.0,0.7544265867611005,0.3769633507853403,0.4700354126940888,Healthy Growth
HCLTECH,Mar 2017,18.091994618230743,21.84241506895392,26.119153843819237,30.98625152843637,0.01766366202312665,116.74157303370787,1.039465058345352,5105.0,1.0452010225424122,0.4324624791550862,0.5931907971182896,Healthy Growth
HCLTECH,Mar 2018,17.24772093575115,22.238921078130872,23.97075798383994,30.44149094551065,0.015308085527400648,162.9855072463768,1.0537623205317885,6092.0,0.9548268745700528,0.26849183477425553,0.6984636551249713,Healthy Growth
HCLTECH,Mar 2019,16.747480430933194,23.04598937561024,24.46453609244307,30.565615328899714,0.10141178745829908,80.03448275862068,1.035613292430033,5715.0,0.8864624505928854,0.3629472745513321,0.5647233201581028,Healthy Growth
HCLTECH,Mar 2020,15.644631841077594,24.50053766483672,21.56748005539626,29.22383676775859,0.15577271929311254,34.28910891089109,0.8533790555307357,1027.0,1.2081939043140093,0.9231229882476233,0.09288233698109795,Healthy Growth
HCLTECH,Mar 2021,14.817124132716009,26.596266864776663,18.64203094487006,30.022313071866062,0.11456612087526914,39.23287671232877,0.8760212442037492,13953.0,1.756468797564688,0.2887654195126924,1.2492613483749664,Healthy Growth
HCLTECH,Mar 2022,15.78849050215409,23.96819651842944,21.841586717059148,30.076036157463705,0.10244855767677746,64.35423197492163,0.9632257846852824,15303.0,1.2497226946683428,0.09449704142011835,1.1316275974266066,Healthy Growth
HCLTECH,Mar 2023,14.631958681595963,22.303264469326606,22.697041510587876,32.23407740851009,0.07329714853604465,64.10198300283287,1.088,14436.0,1.2131357359380264,0.1984007996001999,0.9724486359043449,Healthy Growth
HCLTECH,Mar 2024,14.293122742532729,22.015594151738192,23.01393141233172,32.690722902959976,0.08435023365512796,43.75768535262206,1.1101650405025958,15840.0,1.428898790579249,0.29436920883820383,1.008274984086569,Healthy Growth
HEROMOTOCO,Mar 2014,8.316518298714143,3553.0,37.38218033078428,367.7331979007957,0.050506846878890274,50.51627906976744,2.497036158861885,1347.0,1.4096098953377736,0.5453931825852177,0.6408182683158896,Healthy Growth
HEROMOTOCO,Mar 2015,8.584501416224853,3520.0,36.14678899082569,361.7168674698795,0.01529051987767584,73.90153846153846,2.5847568988173455,2155.0,0.9247038917089678,0.014181152790484904,0.9115905245346869,Healthy Growth
HEROMOTOCO,Mar 2016,10.935797870471237,4424.0,35.22752999773602,265.08934480476506,0.026262168892913742,57.0855106888361,2.2066532258064515,1422.0,1.1960154241645244,0.6179473401397099,0.4569408740359897,Healthy Growth
HEROMOTOCO,Mar 2017,12.394267738552953,4585.0,34.373788290034895,227.14380259052663,0.025300504071345483,28.94578313253012,1.8684691745036572,2035.0,1.1300056401579244,0.4921387571749439,0.5738860688099267,Healthy Growth
HEROMOTOCO,Mar 2018,11.467126748413333,5334.0,31.089208152355496,222.32786885245903,0.019044437019712663,48.09219858156028,1.8657239753980572,2159.0,1.0792584631918323,0.4625342295245208,0.5800644814615799,Healthy Growth
HEROMOTOCO,Mar 2019,10.202820052397634,5025.0,26.417682926829265,215.50029779630734,0.02378048780487805,39.063427800269906,1.8358733246865542,-266.0,0.2977495672244662,1.2577519379844961,-0.07674552798615118,Aggressive Expansion
HEROMOTOCO,Mar 2020,12.50769125589663,4070.0,25.39913924753575,169.4865064943805,0.031445231153685964,17.562064156206414,1.4869370743112738,2699.0,1.508062312107133,0.5108735048930773,0.7376332331238044,Healthy Growth
HEROMOTOCO,Mar 2021,9.483510449303918,4058.0,19.045147898287492,168.13750000000002,0.03788271925272444,48.64737793851718,1.3404485625216487,1821.0,1.3998637602179838,0.5569343065693431,0.6202316076294278,Healthy Growth
HEROMOTOCO,Mar 2022,7.881289973266556,3256.0,14.696788035590332,159.82859226841722,0.038177573042216195,48.24770642201835,1.314663226265682,1882.0,0.9033920137398025,0.10551330798479087,0.8080721339630743,Healthy Growth
HEROMOTOCO,Mar 2023,8.197201241290474,4099.0,16.810758885686838,174.52392011147236,0.034101825168107586,53.01587301587302,1.4281891541581302,2193.0,0.9335714285714286,0.1610558530986993,0.7832142857142858,Healthy Growth
HEROMOTOCO,Mar 2024,9.902352536452407,5235.0,21.14243742584327,177.84211963944279,0.03423922255494661,47.24818577648767,1.4449202768324858,3095.0,1.3156066274719402,0.37131830184846637,0.8270978086584714,Healthy Growth
HINDUNILVR,Mar 2013,14.216412383350615,4220.0,133.99650959860384,788.3737024221454,0.008726003490401396,20.288512911843277,2.2332120410188554,3542.0,0.9390466267257098,0.017475728155339806,0.9226361031518625,Healthy Growth
HINDUNILVR,Mar 2014,13.532188547581583,4759.0,111.84619734238055,683.0867987719788,0.013005371783997738,30.90277777777778,2.125490766322524,3343.0,0.9651162790697675,0.12441068622315349,0.8450455005055612,Healthy Growth
HINDUNILVR,Mar 2015,13.68697610409108,5412.0,108.66650111745717,652.5798525798525,0.010677924012912838,21.299117882919006,2.2156618156618157,3154.0,0.7522851919561243,0.04191980558930741,0.7207495429616088,Healthy Growth
HINDUNILVR,Mar 2016,12.896911700739452,5910.0,63.15228966986155,389.27407407407406,0.026928343222272933,54.065843621399175,2.175758804840127,3889.0,1.0048181161165983,0.0676096859266363,0.9368826788725608,Healthy Growth
HINDUNILVR,Mar 2017,13.539593510644716,6328.0,66.57769869513642,382.1962683378436,0.041073546856465006,44.28052805280528,2.111422386349166,4012.0,1.1547884187082404,0.2262295081967213,0.8935412026726058,Healthy Growth
HINDUNILVR,Mar 2018,14.705303136868759,7499.0,71.78958934212334,385.19434143661584,0.0,79.45042492917847,1.989978725786586,4996.0,1.1591735220968051,0.17544149199537878,0.9558063898986034,Healthy Growth
HINDUNILVR,Mar 2019,15.41592470109387,8880.0,77.03063429515699,381.9984935977906,0.01258421253336723,94.5031055900621,2.1101508400880347,5362.0,0.9570957095709571,0.07551724137931035,0.8848184818481848,Healthy Growth
HINDUNILVR,Mar 2020,16.982128044642185,9861.0,82.09989063069631,363.61647830842145,0.0,70.57075471698113,1.974048528755024,5832.0,1.1283303730017762,0.23494687131050768,0.8632326820603907,Healthy Growth
HINDUNILVR,Mar 2023,16.743149554308353,14147.0,20.16340648854962,90.12091687207655,0.024232665394402036,103.64508928571429,0.8289886010646305,8507.0,0.9850142955733018,0.14853368031228106,0.8387064970915903,Healthy Growth
HINDUNILVR,Mar 2024,16.611735814915342,14659.0,20.074973642078955,89.63037455884027,0.028974188761763442,57.817625458996325,0.7885945801322478,10145.0,1.504473837774752,0.34417221539853904,0.9866757440186734,Healthy Growth
INFY,Mar 2013,23.366871530531323,28.59337827121332,24.81707638048113,30.3679528346581,0.0,2307.6,0.8720043219881145,4451.0,0.781949305334606,0.39631086396310866,0.4720543005620957,Healthy Growth
INFY,Mar 2014,21.255460475136136,26.70895418187621,23.92993487536492,30.06961598922075,0.0,1487.7777777777778,0.8800512586455078,7262.0,0.9220157657657657,0.2608651399491094,0.681493993993994,Healthy Growth
INFY,Mar 2015,23.20373600405109,27.913126652787934,24.385052034058656,29.334200567644274,0.0,1240.25,0.804341595136448,7354.0,0.6751535725832525,0.11959774931162456,0.5944067248625929,Healthy Growth
INFY,Mar 2020,18.32670639160269,24.525558700752278,25.422459893048128,31.772327097869667,0.0707868601986249,130.98235294117646,0.98900871459695,16672.0,1.0218763146823728,0.019467152855378464,1.0019832922651601,Healthy Growth
INFY,Mar 2021,19.331754120550997,27.757982323433396,25.43909051616875,34.14589353053529,0.06974368377624393,143.02051282051283,0.9345276297309113,15851.0,1.195695824537919,0.3174733034791595,0.8160943211656284,Healthy Growth
INFY,Mar 2022,18.20603250548746,25.88847510296693,29.39084273390843,38.962436899930715,0.07264764432647644,157.455,1.0420803742000702,17400.0,1.0785243384809897,0.2715093154699602,0.7856949336223246,Healthy Growth
INFY,Mar 2023,16.426035825492104,23.93589839677857,31.970506716883047,41.968317683320194,0.11005609558794277,123.69718309859155,1.1779431121384314,21396.0,0.9319313091090095,0.04766991587661904,0.8875062220009955,Healthy Growth
INFY,Mar 2024,17.08075746730006,23.703390381987376,29.788006718416632,37.75589530966572,0.09486358890553362,77.5,1.129760329363329,20117.0,0.9604541298384639,0.2020230067433558,0.766420298689424,Healthy Growth
IRCTC,Mar 2017,15.06578947368421,20.657894736842106,29.09783989834816,39.898348157560356,0.0,104.66666666666667,0.8324205914567361,244.0,1.4759825327510918,0.2781065088757396,1.0655021834061136,Healthy Growth
ITC,Mar 2013,24.36586754380416,35.48927825921943,33.26712151308403,48.241616509028376,0.0044045254339753,103.89814814814815,0.8949588157038127,3221.0,0.921858774662513,0.5464657842861166,0.4180944963655244,Healthy Growth
ITC,Mar 2014,25.49425026907608,37.04752733246474,33.04695818188493,47.599985443429524,0.00888497264750156,451.0344827586207,0.8643262828045437,4090.0,0.8159093434062882,0.44308278867102396,0.4543939562270859,Healthy Growth
ITC,Mar 2015,25.192570265605273,36.715871911791226,30.813587093521555,44.53054210279644,0.008476178472397277,156.6153846153846,0.844729282729805,4568.0,1.0065446364658963,0.5359138474042466,0.46712342775334903,Healthy Growth
ITC,Mar 2016,24.242192284139623,37.07644417228006,22.261012183692596,33.97951548031054,0.0019681349578256793,186.2948717948718,0.7587849218795377,5878.0,1.0313651194611093,0.40014287172160423,0.6186717187664457,Healthy Growth
ITC,Mar 2017,24.497287691732136,36.171904227459784,22.57341693060134,33.298176887147804,0.0009911016310085537,315.7142857142857,0.7651078750581416,7376.0,1.0143170754987114,0.3059188858567799,0.7040183258566384,Healthy Growth
ITC,Mar 2022,25.563525434908072,34.00610108005606,24.822672324073334,32.88944883898954,0.003986870546793691,343.71666666666664,0.7855976993626613,13538.0,1.017609494936464,0.14186105476673427,0.8732503386441334,Healthy Growth
ITC,Mar 2023,27.463726222873987,36.24416587938352,28.16426867182416,37.00493802277537,0.004424842744559323,329.53846153846155,0.8262632382239518,13146.0,0.9692457770703907,0.30363385951901684,0.6749499409559994,Healthy Growth
ITC,Mar 2024,29.282025230717128,37.0177518132814,27.851074395694365,35.06616762464911,0.004066731984914169,327.9125,0.7723477995509732,15616.0,0.8278637174112091,0.09098317713487397,0.7525420461664498,Healthy Growth
JINDALSTEL,Mar 2023,7.468240246560925,18.683755543862286,10.267142045160957,19.210851754521567,0.3370536867669095,6.875518672199171,0.7664453310671641,3257.0,1.8487669854051334,0.556689805362733,0.8195772521389029,Healthy Growth
LTIM,Mar 2013,14.593612048818489,22.591534666320438,41.97162061239731,55.30832803560076,0.17475728155339806,41.42857142857143,1.654209621993127,384.0,1.0818505338078293,0.3684210526315789,0.6832740213523132,Healthy Growth
LTIM,Mar 2014,20.243902439024392,23.3130081300813,61.86335403726708,66.68604651162791,0.06832298136645963,37.0,1.8454613653413354,448.0,0.6305220883534136,0.28662420382165604,0.4497991967871486,Healthy Growth
LTIM,Mar 2015,15.447971072719968,20.188830855765367,37.95656465942744,44.786096256684495,0.10760118460019744,100.5,1.671591672263264,539.0,0.834850455136541,0.16043613707165108,0.7009102730819246,Healthy Growth
LTIM,Mar 2016,14.300376325692781,17.584673280875812,39.34117647058824,47.1559633027523,0.02588235294117647,171.33333333333334,1.8635639145680587,818.0,1.0263157894736843,0.046620046620046623,0.9784688995215312,Healthy Growth
LTIM,Mar 2017,14.936163667128133,18.920166128287956,30.884223918575067,39.12213740458015,0.0,410.0,1.4718134480416571,209.0,1.2049433573635426,0.8213675213675213,0.21524201853759012,Healthy Growth
LTIM,Mar 2018,15.22036682179031,16.24692033944703,28.808290155440414,30.751295336787564,0.0,74.1875,1.3689338579726438,392.0,0.7589928057553957,0.5355450236966824,0.35251798561151076,Healthy Growth
LTIM,Mar 2019,16.049121321194157,19.934363751852636,30.983036991620683,38.483547925608015,0.0,171.1818181818182,1.4174669867947178,646.0,0.9201846965699209,0.5369175627240144,0.4261213720316623,Healthy Growth
LTIM,Mar 2020,13.971872414744002,18.650611269418146,28.127313101406365,32.1247625079164,0.1687638786084382,24.44578313253012,1.2341463414634146,1001.0,1.081578947368421,0.3911192214111922,0.6585526315789474,Healthy Growth
LTIM,Mar 2021,15.666936135812449,22.029102667744542,26.533406352683457,33.63367069859294,0.1092552026286966,34.49367088607595,1.1554268634410612,743.0,1.238390092879257,0.6904166666666667,0.38338493292053666,Healthy Growth
LTIM,Mar 2022,15.128882760733847,20.10417863571948,27.645576707726764,36.08552179293277,0.018057110862262037,42.67479674796748,1.2691522457709508,1608.0,0.8230379746835443,0.5053829590895109,0.4070886075949367,Healthy Growth
LTIM,Mar 2023,13.289937618660158,18.40701564053883,26.57907425265188,33.68444272872663,0.09287608486017358,40.72,1.4131851284016865,2824.0,0.7018140589569161,0.08756058158319871,0.6403628117913832,Healthy Growth
LTIM,Mar 2024,12.90931103415266,17.982937748120616,22.904386052552702,28.914844492733938,0.10345688880007993,28.77027027027027,1.2894641301190821,1752.0,1.2366412213740459,0.691005291005291,0.3821155943293348,Healthy Growth
MARUTI,Mar 2013,5.575117370892019,9.843355001805707,12.980870296405298,21.17298635723649,0.08245743115408871,22.025252525252526,1.6100592361085875,940.0,1.6433198380566802,0.7684158659768416,0.3805668016194332,Healthy Growth
MARUTI,Mar 2014,6.407435678685286,11.92133267477886,13.276888723483438,22.595744680851062,0.09322664681801265,28.858695652173914,1.4151099250222392,-2.0,1.750175192711983,1.0004004004004003,-0.000700770847932726,Aggressive Expansion
MARUTI,Mar 2015,7.49788389992323,13.566662073581229,15.66329467883872,27.585654819084215,0.027387120651369355,31.61467889908257,1.4734750703367463,1958.0,1.693095300603833,0.6963870367498837,0.5140456812811761,Healthy Growth
MARUTI,Mar 2016,9.54522565073191,15.66965913629339,17.954664227854717,29.254060362433947,0.0075450744708649075,110.04878048780488,1.347867808828348,1252.0,1.543023467345825,0.8523933034661636,0.22776059668910315,Healthy Growth
MARUTI,Mar 2017,11.031798487185137,15.305867665418226,20.258934592043158,27.745680129928914,0.013054619015509103,117.08988764044943,1.3103348729792148,1109.0,1.3689255758221275,0.8921416066913052,0.14765011316735455,Healthy Growth
MARUTI,Mar 2018,9.874826147426981,15.183751206004336,18.517822317253696,28.39268978444236,0.002843111915223572,35.02312138728324,1.32467467799761,3486.0,1.4957492703971578,0.7042755344418052,0.44232965359725923,Healthy Growth
MARUTI,Mar 2019,8.889482734581959,12.845656922433424,16.24692092075087,23.39795140946415,0.00339760468869447,145.47368421052633,1.345464209226344,3061.0,0.8627630375114365,0.536282381457355,0.40007842112142206,Healthy Growth
MARUTI,Mar 2020,7.504625958234206,9.721120803595031,11.490903203610387,14.829525979393916,0.0037237164308987513,54.88805970149254,1.1890991387439491,2939.0,0.6157097569566748,0.15932494279176201,0.517611835153223,Healthy Growth
MARUTI,Mar 2021,6.236855567555278,7.689137725231626,8.359840764937811,10.201349873685004,0.010304565627321384,53.049019607843135,0.985933647164313,1565.0,2.017771701982228,0.8232836495031617,0.35657325131009343,Healthy Growth
MARUTI,Mar 2022,4.3926185893807315,6.511943846937621,7.012090434279725,10.315823454509585,0.007698841559286501,45.29133858267716,1.1831600942991856,1601.0,0.4742268041237113,0.1298913043478261,0.4126288659793814,Healthy Growth
MARUTI,Mar 2023,6.9791402753145855,11.081834304535091,11.077747989276139,17.300390254192596,0.016729222520107237,52.07142857142857,1.1828461830459713,1995.0,1.3086882865440466,0.8155339805825242,0.2414085188770571,Healthy Growth
MARUTI,Mar 2024,9.50809964894472,13.130031439890594,15.750385351954785,21.720016325578683,0.001389602503619973,96.01030927835052,1.230295566502463,4936.0,1.2456257413997627,0.7062079638116778,0.36595492289442466,Healthy Growth
NESTLEIND,Dec 2014,12.02435312024353,20.690005073566716,41.76947479732112,71.36856842842143,0.007049700387733521,145.64285714285714,1.693298969072165,1212.0,1.3873417721518988,0.26277372262773724,1.0227848101265822,Healthy Growth
NESTLEIND,Dec 2015,6.886850152905198,19.021406727828747,19.985800496982606,54.85008818342152,0.006389776357827476,518.3333333333334,1.343246795925074,1028.0,1.9502664298401422,0.06375227686703097,1.8259325044404973,Healthy Growth
NESTLEIND,Dec 2016,10.95066185318893,20.238485942457064,30.499695307739184,55.80693815987934,0.010054844606946984,20.32967032967033,1.3422907488986784,1340.0,1.4645354645354645,0.08594815825375171,1.3386613386613386,Healthy Growth
NESTLEIND,Dec 2017,12.237762237762238,20.94905094905095,35.8187134502924,60.6946454413893,0.01023391812865497,22.793478260869566,1.3595002037213093,1687.0,1.4840816326530613,0.07205720572057206,1.3771428571428572,Healthy Growth
NESTLEIND,Dec 2018,14.231314204746722,23.18455543747786,43.75170160631636,70.60409924487594,0.00952899537163082,23.375,1.3961424332344214,2000.0,1.2769135034225265,0.025341130604288498,1.2445550715619167,Healthy Growth
NESTLEIND,Dec 2019,15.910744603444094,23.655913978494624,102.60688216892598,138.8704318936877,0.09854014598540146,22.68217054263566,1.7243831033040569,2212.0,1.166158536585366,0.03616557734204793,1.1239837398373984,Healthy Growth
NESTLEIND,Dec 2020,15.595505617977528,23.98501872659176,103.12035661218424,147.83010156971378,0.07280832095096583,19.524390243902438,1.6898734177215189,2133.0,1.1786743515850144,0.13080684596577016,1.0244956772334295,Healthy Growth
NESTLEIND,Dec 2021,14.368089003459739,24.163896614883658,108.83864337101747,161.03074141048825,0.1366906474820144,17.633663366336634,1.790259897983969,316.0,1.0557129367327667,0.8586762075134168,0.14919735599622286,Healthy Growth
NESTLEIND,Dec 2022,14.150440906669823,21.932887494821564,97.23464823098821,135.75091575091577,0.11020740138267589,23.90967741935484,1.8818353936964027,2345.0,1.1447093266415727,0.1432225063938619,0.9807611877875366,Healthy Growth
NESTLEIND,Dec 2023,15.680225870542715,23.376555474223572,121.96014640097602,163.77289377289378,0.11020740138267589,37.57142857142857,2.130081300813008,2465.0,1.1310436812270757,0.27329009433962265,0.8219406468822941,Healthy Growth
NESTLEIND,Mar 2024,16.12281708616873,23.829630236943512,117.75449101796407,157.74762550881954,0.10329341317365269,40.08965517241379,2.318160220469448,2938.0,1.0615306381896772,0.2962874251497006,0.7470124586829392,Healthy Growth
ONGC,Mar 2019,8.049352029296244,17.745431948845418,15.644389537831781,23.04420406805554,0.4966579697050716,12.81805722117526,0.8563623327639471,24326.0,1.8108904472862277,0.6041849718506948,0.7167776533679062,Healthy Growth
ONGC,Mar 2022,10.03448374134344,16.259470815029538,18.995541477362497,20.937432009835145,0.4700754904567577,14.022823033707866,0.8422418818365738,37051.0,1.5873737168823792,0.5264926899090072,0.7516330587901164,Healthy Growth
ONGC,Mar 2024,9.655290194725701,17.388518015001793,16.940398136885513,20.975989850097196,0.45444863084819176,10.087796743182263,0.8332173339682772,42060.0,1.7383758603176827,0.5762771626890181,0.7365895518467277,Healthy Growth
PIDILITIND,Mar 2013,11.52800435019032,15.171288743882544,25.681405208964264,31.66855845629966,0.06723198061780739,34.875,1.4059633027522935,328.0,1.1132075471698113,0.3050847457627119,0.7735849056603774,Healthy Growth
PIDILITIND,Mar 2014,10.506654214335747,15.689936960074713,23.05327868852459,33.633633633633636,0.0235655737704918,42.0,1.462773224043716,295.0,0.8755555555555555,0.2512690355329949,0.6555555555555556,Healthy Growth
PIDILITIND,Mar 2015,10.611065235342693,15.91659785301404,22.643171806167402,33.118556701030926,0.02555066079295154,48.1875,1.461236802413273,116.0,1.0739299610894941,0.7898550724637681,0.22568093385214008,Healthy Growth
PIDILITIND,Mar 2016,15.05316172355904,21.88024622271964,30.591357088703564,43.15673289183223,0.030326004548900682,90.23076923076923,1.4434571890145396,416.0,1.123915737298637,0.5413450937155457,0.5154894671623296,Healthy Growth
PIDILITIND,Mar 2017,15.364073348762686,22.467509346626315,24.863151829443964,35.360044830484725,0.028233938346297897,90.14285714285714,1.1775681341719078,-85.0,0.9200463499420626,1.1070528967254407,-0.0984936268829664,Aggressive Expansion
PIDILITIND,Mar 2018,15.893385982230997,22.063178677196447,27.028539451594852,36.25304136253041,0.03497481813094572,83.8125,1.169070975187536,757.0,0.8240165631469979,0.048994974874371856,0.7836438923395446,Healthy Growth
PIDILITIND,Mar 2019,13.111048318734106,19.369878496750495,22.372227579556416,32.17554564656184,0.027242044358727097,52.73076923076923,1.1988482384823849,332.0,0.9105603448275862,0.6071005917159763,0.3577586206896552,Healthy Growth
PIDILITIND,Mar 2020,15.382506169454347,21.606800109679188,25.179533213644522,33.22091062394604,0.06463195691202872,46.35294117647059,1.11819714855128,1177.0,1.1408199643493762,0.08046875,1.0490196078431373,Healthy Growth
PIDILITIND,Mar 2021,15.439462498286026,23.118058412176058,20.132308242445916,28.460499662390276,0.059181119256213124,45.567567567567565,0.827433628318584,-296.0,1.236234458259325,1.2126436781609196,-0.26287744227353466,Aggressive Expansion
PIDILITIND,Mar 2022,12.166112287067836,18.707791553270837,18.847595252966894,27.21407624633431,0.06495940037476577,44.19047619047619,1.044975774173162,397.0,0.7912178956089478,0.5842931937172775,0.32891466445733225,Healthy Growth
PIDILITIND,Mar 2023,10.924654631748453,16.831934909738113,17.872989462007766,26.121267920557674,0.05421519689406545,41.375,1.1231794383626845,659.0,1.208688906128782,0.5770218228498074,0.5112490302560124,Healthy Growth
PIDILITIND,Mar 2024,14.108051360736493,21.868690947266415,20.780302129178065,30.81124132438275,0.045438325205186154,53.09803921568628,1.0254223252732693,955.0,1.559244419004007,0.6494126284875184,0.5466514024041214,Healthy Growth
SHREECEM,Jun 2013,18.530823181985973,28.811369509043928,26.11862643080125,30.416991426344502,0.3350676378772112,8.088082901554404,0.8795454545454545,990.0,1.254980079681275,0.21428571428571427,0.9860557768924303,Healthy Growth
SHREECEM,Jun 2014,13.770778652668417,24.32195975503062,16.705582678836763,23.515479614278465,0.25472298874973465,10.775193798449612,0.7797789602947196,167.0,1.7801778907242694,0.8807994289793005,0.2121982210927573,Healthy Growth
SHREECEM,Jun 2015,6.806199073334398,21.47307876657613,8.074298711144806,21.701921524301632,0.17380591357088704,11.107438016528926,0.7825706426606651,249.0,2.908450704225352,0.7990314769975787,0.5845070422535211,Healthy Growth
SHREECEM,Mar 2017,15.580637654177332,29.24133116127531,17.394128345024683,27.95017239461684,0.16796570537802027,19.48062015503876,0.769657890023285,154.0,1.6445108289768484,0.9300635785649409,0.11501120238984316,Healthy Growth
SHREECEM,Mar 2019,8.084428514536041,22.277976901632815,10.495295212490953,22.422639089305758,0.2898355909419915,11.278225806451612,0.810365971729168,1360.0,2.0492610837438425,0.34615384615384615,1.3399014778325122,Healthy Growth
SIEMENS,Sep 2011,7.26056043496445,9.795064826432455,22.746331236897273,30.686582809224316,0.0,45.03846153846154,1.1769049025398701,-261.0,0.0034562211981566822,88.0,-0.30069124423963134,Aggressive Expansion
SIEMENS,Sep 2015,11.114266780270757,9.448073463978037,22.94313074066836,19.40879035394788,0.004885675200312683,33.266666666666666,0.9987708018154312,-72.0,0.4889267461669506,1.1254355400696865,-0.06132879045996593,Aggressive Expansion
SIEMENS,Sep 2016,26.889360524130296,9.421426594075852,42.83404380420402,14.953134153485648,0.003674849331177422,92.81818181818181,0.9041381611880527,276.0,0.17604667124227866,0.4619883040935672,0.09471516815374056,Healthy Growth
SIEMENS,Sep 2017,10.275643922277451,9.543605964753727,14.785435630689205,13.732119635890767,0.0,132.0,0.8422134267011722,-748.0,0.503957783641161,2.305410122164049,-0.6578715919085312,Aggressive Expansion
SIEMENS,Sep 2018,7.041813208284486,10.371238765142634,10.85672972647307,15.98987829859019,0.0,165.875,0.8925083705357143,-74.0,0.11098779134295228,1.74,-0.08213096559378469,Aggressive Expansion
SIEMENS,Sep 2019,8.399571996331396,11.38795475389789,12.144988396507902,16.465907835119904,0.0,124.16666666666667,0.8519338455528064,138.0,1.1583257506824385,0.8915946582875098,0.12556869881710647,Healthy Growth
SIEMENS,Sep 2022,9.561283926137069,11.525591770975337,13.290267011197244,15.773405698778834,0.015676141257536608,51.666666666666664,0.8025262320354071,944.0,0.6338302009073234,0.034764826175869123,0.6117952041477641,Healthy Growth
SIEMENS,Sep 2023,10.03375268487266,12.718625345197914,14.991976770841292,18.752827627808777,0.01337204859784519,108.1304347826087,0.9033539684006283,641.0,0.7135575942915392,0.5421428571428571,0.32670744138634045,Healthy Growth
SIEMENS,Sep 2024,12.221223021582734,13.956834532374101,17.698769290877124,19.85162445638271,0.018167610861496385,51.733333333333334,0.8790861298865568,1168.0,0.6144223693892568,0.3005988023952096,0.4297277409860191,Healthy Growth
TATACONSUM,Mar 2013,6.0535981499115765,10.474765338049245,9.251559251559252,12.421358283594127,0.28877338877338876,9.166666666666666,0.835910848305663,149.0,0.3887640449438202,0.13872832369942195,0.3348314606741573,Healthy Growth
TATACONSUM,Mar 2014,6.590850348927371,9.7182734556733,8.719439220379552,10.319747495540003,0.24585399213540776,8.64367816091954,0.7807486631016043,421.0,0.8274509803921568,0.002369668246445498,0.8254901960784313,Healthy Growth
TATACONSUM,Mar 2015,3.415488552483423,9.908670086325534,4.96996176952485,11.61801378905677,0.24103404332787184,9.658536585365853,0.8451046732924509,211.0,1.531135531135531,0.49521531100478466,0.7728937728937729,Healthy Growth
TCS,Mar 2013,22.346758957913288,28.639921256092332,36.51740777253152,46.40156386645404,0.008613085663882115,375.8333333333333,1.2129130401294,5577.0,0.8251633986928104,0.519845027981059,0.3962063086104007,Healthy Growth
TCS,Mar 2014,23.630651884267014,30.746005940666677,39.29667649151337,50.82235512810151,0.006037198902327472,644.9487179487179,1.224154184560595,5299.0,0.7630353817504656,0.6407701172801844,0.2741051106972895,Healthy Growth
TCS,Mar 2015,21.194320006761895,25.866368016228552,39.616865804285574,48.0105112466417,0.007070208353905401,235.40384615384616,1.2909244660247143,17562.0,0.9655533399800598,0.09329340699055191,0.8754735792622134,Healthy Growth
TCS,Mar 2016,22.401192864900686,28.2357380851573,34.2441467807294,43.01498941346383,0.0034472084646555608,929.6060606060606,1.23054444960415,14099.0,0.785150792998603,0.262180124548642,0.5792998603007642,Healthy Growth
TCS,Mar 2017,22.342878456504415,27.390095451231712,30.571600900085834,37.35246176433187,0.003352123785000116,1009.71875,1.152765969921726,8328.0,0.9569753765603065,0.669825159576577,0.3159691922449444,Healthy Growth
TCS,Mar 2018,21.02287496750715,26.41343904341045,30.401278075368854,38.08609077598828,0.002901513015694014,625.3076923076923,1.1710138310218214,21963.0,0.9685857805255024,0.12382814058323692,0.8486476043276662,Healthy Growth
TCS,Mar 2019,21.549469831971216,26.973365286795982,35.28609440332715,44.136836930777136,0.000693155646982537,199.5252525252525,1.2858798430215714,26948.0,0.9059311830682466,0.05753156366942958,0.8538115455294342,Healthy Growth
TCS,Mar 2020,20.673594607165384,26.829734499741953,38.56952666238737,45.62188515709643,0.09716377814231035,45.57251082251082,1.3065255937466183,23401.0,0.9975960797608407,0.2770552071426365,0.721206891238019,Healthy Growth
TCS,Mar 2021,19.833472410873632,28.351108864213625,37.67311096456215,49.39720677505625,0.09018546157139055,73.07064364207221,1.2629777217059512,30846.0,1.191634420490142,0.20504097726921292,0.947300534365211,Healthy Growth
TCS,Mar 2022,20.051211448001087,27.669305464292794,43.13375739014349,54.72219643759605,0.08770571803587655,67.67474489795919,1.3606908688371038,39211.0,1.0390127181461157,0.018473553781070864,1.0198184608182268,Healthy Growth
TCS,Mar 2023,18.763139919630266,26.283831134845514,46.7829337344068,60.39933953033268,0.08502167566132886,76.07060333761233,1.5781854835887132,41417.0,0.9920100229298159,0.013058501131895627,0.979055858922535,Healthy Growth
TCS,Mar 2024,19.136712150207767,26.690688396923118,50.944313673485176,65.26850065983149,0.0886406082507266,82.6426735218509,1.6559406621205455,38247.0,0.9617996051975097,0.13737651675763454,0.8296709256166077,Healthy Growth
TECHM,Mar 2013,19.01644114651535,20.689655172413794,24.087725764835973,20.893329415221864,0.25433099889421307,13.805825242718447,0.765026714158504,233.0,0.6541698546289212,0.7274853801169591,0.1782708492731446,Healthy Growth
TECHM,Mar 2013,19.01644114651535,20.689655172413794,24.087725764835973,20.893329415221864,0.25433099889421307,13.805825242718447,0.765026714158504,233.0,0.6541698546289212,0.7274853801169591,0.1782708492731446,Healthy Growth
TECHM,Mar 2013,19.01644114651535,20.689655172413794,24.087725764835973,20.893329415221864,0.25433099889421307,13.805825242718447,0.765026714158504,233.0,0.6541698546289212,0.7274853801169591,0.1782708492731446,Healthy Growth
TECHM,Mar 2013,19.01644114651535,20.689655172413794,24.087725764835973,20.893329415221864,0.25433099889421307,13.805825242718447,0.765026714158504,233.0,0.6541698546289212,0.7274853801169591,0.1782708492731446,Healthy Growth
TECHM,Mar 2014,16.28550154238911,22.189128816083397,33.34785449793073,43.708748035620744,0.03953387061642344,52.15,1.1795483061480552,1305.0,0.5212279555845852,0.18233082706766918,0.42619203135205747,Healthy Growth
TECHM,Mar 2014,16.28550154238911,22.189128816083397,33.34785449793073,43.708748035620744,0.03953387061642344,52.15,1.1795483061480552,1305.0,0.5212279555845852,0.18233082706766918,0.42619203135205747,Healthy Growth
TECHM,Mar 2014,16.28550154238911,22.189128816083397,33.34785449793073,43.708748035620744,0.03953387061642344,52.15,1.1795483061480552,1305.0,0.5212279555845852,0.18233082706766918,0.42619203135205747,Healthy Growth
TECHM,Mar 2014,16.28550154238911,22.189128816083397,33.34785449793073,43.708748035620744,0.03953387061642344,52.15,1.1795483061480552,1305.0,0.5212279555845852,0.18233082706766918,0.42619203135205747,Healthy Growth
TECHM,Mar 2015,11.754564342867248,18.535873745634586,21.70966688438929,32.3833796725363,0.057152188112344876,60.768115942028984,1.1397118097541314,583.0,0.9206468597216999,0.7618464052287581,0.21925535915757804,Healthy Growth
TECHM,Mar 2015,11.754564342867248,18.535873745634586,21.70966688438929,32.3833796725363,0.057152188112344876,60.768115942028984,1.1397118097541314,583.0,0.9206468597216999,0.7618464052287581,0.21925535915757804,Healthy Growth
TECHM,Mar 2015,11.754564342867248,18.535873745634586,21.70966688438929,32.3833796725363,0.057152188112344876,60.768115942028984,1.1397118097541314,583.0,0.9206468597216999,0.7618464052287581,0.21925535915757804,Healthy Growth
TECHM,Mar 2015,11.754564342867248,18.535873745634586,21.70966688438929,32.3833796725363,0.057152188112344876,60.768115942028984,1.1397118097541314,583.0,0.9206468597216999,0.7618464052287581,0.21925535915757804,Healthy Growth
TECHM,Mar 2016,11.425228353589493,16.0791122518306,20.745665136042764,27.164902435913785,0.07477211979987664,43.91752577319588,1.176204217536071,1684.0,1.0363396101750908,0.46318138348740834,0.5563263957713909,Healthy Growth
TECHM,Mar 2016,11.425228353589493,16.0791122518306,20.745665136042764,27.164902435913785,0.07477211979987664,43.91752577319588,1.176204217536071,1684.0,1.0363396101750908,0.46318138348740834,0.5563263957713909,Healthy Growth
TECHM,Mar 2016,11.425228353589493,16.0791122518306,20.745665136042764,27.164902435913785,0.07477211979987664,43.91752577319588,1.176204217536071,1684.0,1.0363396101750908,0.46318138348740834,0.5563263957713909,Healthy Growth
TECHM,Mar 2016,11.425228353589493,16.0791122518306,20.745665136042764,27.164902435913785,0.07477211979987664,43.91752577319588,1.176204217536071,1684.0,1.0363396101750908,0.46318138348740834,0.5563263957713909,Healthy Growth
TECHM,Mar 2017,9.783466593459387,14.357777701520194,17.34501429701284,23.50165702409706,0.08310518951146803,32.434108527131784,1.1183559120389914,1178.0,1.4279200280603297,0.7106362073200688,0.4131883549631708,Healthy Growth
TECHM,Mar 2017,9.783466593459387,14.357777701520194,17.34501429701284,23.50165702409706,0.08310518951146803,32.434108527131784,1.1183559120389914,1178.0,1.4279200280603297,0.7106362073200688,0.4131883549631708,Healthy Growth
TECHM,Mar 2017,9.783466593459387,14.357777701520194,17.34501429701284,23.50165702409706,0.08310518951146803,32.434108527131784,1.1183559120389914,1178.0,1.4279200280603297,0.7106362073200688,0.4131883549631708,Healthy Growth
TECHM,Mar 2017,9.783466593459387,14.357777701520194,17.34501429701284,23.50165702409706,0.08310518951146803,32.434108527131784,1.1183559120389914,1178.0,1.4279200280603297,0.7106362073200688,0.4131883549631708,Healthy Growth
TECHM,Mar 2018,12.302992883371786,15.305625060930037,20.092341983760548,22.175141242937855,0.12720904314599585,29.074074074074073,1.0112385396470704,235.0,0.9387216059165346,0.933877321328081,0.06207078711040676,Healthy Growth
TECHM,Mar 2018,12.302992883371786,15.305625060930037,20.092341983760548,22.175141242937855,0.12720904314599585,29.074074074074073,1.0112385396470704,235.0,0.9387216059165346,0.933877321328081,0.06207078711040676,Healthy Growth
TECHM,Mar 2018,12.302992883371786,15.305625060930037,20.092341983760548,22.175141242937855,0.12720904314599585,29.074074074074073,1.0112385396470704,235.0,0.9387216059165346,0.933877321328081,0.06207078711040676,Healthy Growth
TECHM,Mar 2018,12.302992883371786,15.305625060930037,20.092341983760548,22.175141242937855,0.12720904314599585,29.074074074074073,1.0112385396470704,235.0,0.9387216059165346,0.933877321328081,0.06207078711040676,Healthy Growth
TECHM,Mar 2019,12.345288123884636,18.050198606873526,21.143702243036728,28.14505632601768,0.09839783090953907,47.150375939849624,1.0387490282843987,2328.0,1.0333411051527162,0.4747292418772563,0.5427838657029611,Healthy Growth
TECHM,Mar 2019,12.345288123884636,18.050198606873526,21.143702243036728,28.14505632601768,0.09839783090953907,47.150375939849624,1.0387490282843987,2328.0,1.0333411051527162,0.4747292418772563,0.5427838657029611,Healthy Growth
TECHM,Mar 2019,12.345288123884636,18.050198606873526,21.143702243036728,28.14505632601768,0.09839783090953907,47.150375939849624,1.0387490282843987,2328.0,1.0333411051527162,0.4747292418772563,0.5427838657029611,Healthy Growth
TECHM,Mar 2019,12.345288123884636,18.050198606873526,21.143702243036728,28.14505632601768,0.09839783090953907,47.150375939849624,1.0387490282843987,2328.0,1.0333411051527162,0.4747292418772563,0.5427838657029611,Healthy Growth
TECHM,Mar 2020,10.570142128675274,14.926223283063903,17.865493054600467,21.594788682651178,0.16824829230275523,28.661458333333332,0.9879414759633421,3277.0,1.1182961252245316,0.24804956402019274,0.8409032589171157,Healthy Growth
TECHM,Mar 2020,10.570142128675274,14.926223283063903,17.865493054600467,21.594788682651178,0.16824829230275523,28.661458333333332,0.9879414759633421,3277.0,1.1182961252245316,0.24804956402019274,0.8409032589171157,Healthy Growth
TECHM,Mar 2020,10.570142128675274,14.926223283063903,17.865493054600467,21.594788682651178,0.16824829230275523,28.661458333333332,0.9879414759633421,3277.0,1.1182961252245316,0.24804956402019274,0.8409032589171157,Healthy Growth
TECHM,Mar 2020,10.570142128675274,14.926223283063903,17.865493054600467,21.594788682651178,0.16824829230275523,28.661458333333332,0.9879414759633421,3277.0,1.1182961252245316,0.24804956402019274,0.8409032589171157,Healthy Growth
TECHM,Mar 2021,11.499141460837405,17.952714304583278,17.506535290569072,24.47597781459339,0.11667001809772773,39.05747126436781,0.9558860663602848,2661.0,1.859407305306685,0.6712379540400296,0.611302549965541,Healthy Growth
TECHM,Mar 2021,11.499141460837405,17.952714304583278,17.506535290569072,24.47597781459339,0.11667001809772773,39.05747126436781,0.9558860663602848,2661.0,1.859407305306685,0.6712379540400296,0.611302549965541,Healthy Growth
TECHM,Mar 2021,11.499141460837405,17.952714304583278,17.506535290569072,24.47597781459339,0.11667001809772773,39.05747126436781,0.9558860663602848,2661.0,1.859407305306685,0.6712379540400296,0.611302549965541,Healthy Growth
TECHM,Mar 2021,11.499141460837405,17.952714304583278,17.506535290569072,24.47597781459339,0.11667001809772773,39.05747126436781,0.9558860663602848,2661.0,1.859407305306685,0.6712379540400296,0.611302549965541,Healthy Growth
TECHM,Mar 2022,12.610312234018725,17.963535367110158,20.940266309603512,27.182754880694144,0.09737409804359146,49.20245398773006,1.0051783141210375,4805.0,0.9387211367673179,0.09082308420056764,0.8534635879218473,Healthy Growth
TECHM,Mar 2022,12.610312234018725,17.963535367110158,20.940266309603512,27.182754880694144,0.09737409804359146,49.20245398773006,1.0051783141210375,4805.0,0.9387211367673179,0.09082308420056764,0.8534635879218473,Healthy Growth
TECHM,Mar 2022,12.610312234018725,17.963535367110158,20.940266309603512,27.182754880694144,0.09737409804359146,49.20245398773006,1.0051783141210375,4805.0,0.9387211367673179,0.09082308420056764,0.8534635879218473,Healthy Growth
TECHM,Mar 2022,12.610312234018725,17.963535367110158,20.940266309603512,27.182754880694144,0.09737409804359146,49.20245398773006,1.0051783141210375,4805.0,0.9387211367673179,0.09082308420056764,0.8534635879218473,Healthy Growth
TECHM,Mar 2023,9.11428035278664,14.567461062112965,17.3936398796734,25.316331854943908,0.09812347801174617,23.812883435582823,1.162851594038449,5346.0,1.1472102120650607,0.04055994256999282,1.1006794317479927,Healthy Growth
TECHM,Mar 2023,9.11428035278664,14.567461062112965,17.3936398796734,25.316331854943908,0.09812347801174617,23.812883435582823,1.162851594038449,5346.0,1.1472102120650607,0.04055994256999282,1.1006794317479927,Healthy Growth
TECHM,Mar 2023,9.11428035278664,14.567461062112965,17.3936398796734,25.316331854943908,0.09812347801174617,23.812883435582823,1.162851594038449,5346.0,1.1472102120650607,0.04055994256999282,1.1006794317479927,Healthy Growth
TECHM,Mar 2023,9.11428035278664,14.567461062112965,17.3936398796734,25.316331854943908,0.09812347801174617,23.812883435582823,1.162851594038449,5346.0,1.1472102120650607,0.04055994256999282,1.1006794317479927,Healthy Growth
TECHM,Mar 2024,4.60996999769213,8.666051234710363,8.987963553189097,15.428336643155516,0.09512917619708275,11.494897959183673,1.2050337203643189,5058.0,2.6599916562369628,0.20671267252195735,2.110137672090113,Healthy Growth
TECHM,Mar 2024,4.60996999769213,8.666051234710363,8.987963553189097,15.428336643155516,0.09512917619708275,11.494897959183673,1.2050337203643189,5058.0,2.6599916562369628,0.20671267252195735,2.110137672090113,Healthy Growth
TECHM,Mar 2024,4.60996999769213,8.666051234710363,8.987963553189097,15.428336643155516,0.09512917619708275,11.494897959183673,1.2050337203643189,5058.0,2.6599916562369628,0.20671267252195735,2.110137672090113,Healthy Growth
TECHM,Mar 2024,4.60996999769213,8.666051234710363,8.987963553189097,15.428336643155516,0.09512917619708275,11.494897959183673,1.2050337203643189,5058.0,2.6599916562369628,0.20671267252195735,2.110137672090113,Healthy Growth
TITAN,Mar 2013,7.161908525140769,10.01679344067964,36.80203045685279,51.47208121827411,0.0,19.88235294117647,1.720428280081577,411.0,0.7627586206896552,0.25678119349005424,0.5668965517241379,Healthy Growth
TITAN,Mar 2014,6.726457399103139,9.581769927702021,29.131985731272298,31.44144144144144,0.31985731272294887,12.03448275862069,1.7880870561282933,-826.0,-0.7551020408163265,-0.4882882882882883,-1.1238095238095238,Cash Burn
TITAN,Mar 2015,6.849660035255603,9.678502476286411,26.459143968871597,36.212311557788944,0.0324254215304799,14.234567901234568,2.030163599182004,385.0,0.616421568627451,0.2345924453280318,0.47181372549019607,Healthy Growth
TITAN,Mar 2016,5.9861653068464,8.32742107130188,19.24721984602224,25.939226519337016,0.03222127174222983,22.357142857142858,1.7779880163986124,417.0,0.8533333333333334,0.2760416666666667,0.6177777777777778,Healthy Growth
TITAN,Mar 2017,5.256013875273358,8.777618580800844,16.46586345381526,19.03515944399019,0.44460193716040636,30.63157894736842,1.5771883920076117,759.0,2.456241032998565,0.5566588785046729,1.0889526542324246,Healthy Growth
TITAN,Mar 2018,6.836228287841191,10.198511166253102,21.650294695481335,24.244211768175784,0.33222003929273086,31.0188679245283,1.6930994643419808,-149.0,-0.04627949183303085,-1.9215686274509804,-0.13520871143375682,Cash Burn
TITAN,Mar 2019,7.022599726983164,10.081399464078062,22.8830313014827,23.56138485170743,0.3942339373970346,37.62264150943396,1.689069171648164,446.0,0.8948884089272858,0.6411906677393403,0.3210943124550036,Healthy Growth
TORNTPHARM,Mar 2013,13.581017795816422,21.76084920387137,30.590717299578056,32.95508274231678,0.4873417721518987,20.5,0.8534505728750333,-94.0,0.35172413793103446,1.6143790849673203,-0.2160919540229885,Aggressive Expansion
TRENT,Mar 2024,11.935353535353535,15.927272727272726,36.30776794493609,33.86016148428105,0.4309242871189774,5.355978260869565,1.7278693102485339,841.0,0.913337846987136,0.3765752409191994,0.5693974272173324,Healthy Growth
INDIGO,Mar 2015,9.364452423698385,1904.0,4939.39393939394,39546.05263157895,0.15151515151515152,30.435443037974682,228.27868852459017,1444.0,1.8282208588957056,0.39429530201342283,1.107361963190184,Healthy Growth
INDIGO,Mar 2016,12.304832713754648,3164.0,1534.775888717156,9443.959243085881,0.061823802163833076,25.19611650485437,82.34693877551021,1779.0,1.5689828801611279,0.4290757381258023,0.8957703927492447,Healthy Growth
INDIGO,Mar 2020,-0.69358988701197,4069.0,-138.54748603351956,12475.1968503937,0.41899441340782123,20.696930111038537,84.72985781990522,2370.0,-27.995967741935484,0.6586489989917903,-9.556451612903226,Healthy Growth
INDIGO,Mar 2021,-42.14876033057851,2.0,-1094.148936170213,2554.624781849913,0.015957446808510637,14.12934362934363,18.053020961775587,-4848.0,0.2625182304326689,-1.9925925925925927,0.7856101118133204,Cash Burn
INDIGO,Mar 2022,-1.2224750298870077,558.0,-48.769230769230774,3832.779456193354,0.018461538461538463,34.997241379310346,28.18586956521739,537.0,-6.511041009463723,0.7398255813953488,-1.6940063091482649,Healthy Growth
INDIGO,Mar 2023,-0.582228262865959,6521.0,-40.7979407979408,6074.271229404309,0.015444015444015444,33.49126484975542,51.26741996233522,8664.0,-40.072555205047315,0.317956388254743,-27.331230283911673,Healthy Growth
INDIGO,Mar 2024,11.852722628584697,16331.0,892.568306010929,5640.87982832618,0.018579234972677595,22.60232158211522,56.38625204582652,9424.0,2.5937308681278317,0.5551149506679884,1.1539120852210114,Healthy Growth
